CATEGORY,VALUE,NGRAM
END,فولد,1
END,فروى,1
END,فعن,1
END,فيروي,1
END,فتروي,1
END,فسمع,1
END,فحدث,1
END,فقرأ,1
END,فأخذ,1
END,فحكى,1
END,فأخبرنا,1
END,فتفق,1
END,فذكر,1
END,فوفد,1
END,فقد,1
END,فتوفي,1
END,فمات,1
END,فمولد,1
END,فأجاز,1
END,فأنبأنا,1
END,فقدم,1
END,وولد,1
END,وروى,1
END,وعن,1
END,ويروي,1
END,وتروي,1
END,وسمع,1
END,وحدث,1
END,وقرأ,1
END,وأخذ,1
END,وحكى,1
END,وأخبرنا,1
END,وتفق,1
END,وذكر,1
END,ووفد,1
END,وقد,1
END,وتوفي,1
END,ومات,1
END,ومولد,1
END,وأجاز,1
END,وأنبأنا,1
END,وقدم,1
END,ولد,1
END,روى,1
END,عن,1
END,يروي,1
END,تروي,1
END,سمع,1
END,حدث,1
END,قرأ,1
END,أخذ,1
END,حكى,1
END,أخبرنا,1
END,تفق,1
END,ذكر,1
END,وفد,1
END,قد,1
END,توفي,1
END,مات,1
END,مولد,1
END,أجاز,1
END,أنبأنا,1
END,قدم,1
END,ولده,1
END,روىه,1
END,عنه,1
END,يرويه,1
END,ترويه,1
END,سمعه,1
END,حدثه,1
END,قرأه,1
END,أخذه,1
END,حكىه,1
END,أخبرناه,1
END,تفقه,1
END,ذكره,1
END,وفده,1
END,قده,1
END,توفيه,1
END,ماته,1
END,مولده,1
END,أجازه,1
END,أنبأناه,1
END,قدمه,1
END,ولدت,1
END,روىت,1
END,عنت,1
END,يرويت,1
END,ترويت,1
END,سمعت,1
END,حدثت,1
END,قرأت,1
END,أخذت,1
END,حكىت,1
END,أخبرنات,1
END,تفقت,1
END,ذكرت,1
END,وفدت,1
END,قدت,1
END,توفيت,1
END,ماتت,1
END,مولدت,1
END,أجازت,1
END,أنبأنات,1
END,قدمت,1
END,ولدها,1
END,روىها,1
END,عنها,1
END,يرويها,1
END,ترويها,1
END,سمعها,1
END,حدثها,1
END,قرأها,1
END,أخذها,1
END,حكىها,1
END,أخبرناها,1
END,تفقها,1
END,ذكرها,1
END,وفدها,1
END,قدها,1
END,توفيها,1
END,ماتها,1
END,مولدها,1
END,أجازها,1
END,أنبأناها,1
END,قدمها,1
END,NASAB,1
EXP,فالمعروف ب,2
EXP,فيعرف ب,2
EXP,فالملقب ب,2
EXP,فمعروف ب,2
EXP,فيلقب ب,2
EXP,فعرف ب,2
EXP,فالشهير ب,2
EXP,فيقال له,2
EXP,فالمشتهر ب,2
EXP,فلقب ب,2
EXP,فالمشهور ب,2
EXP,فيقال,1
EXP,فالملقب,1
EXP,فمرءة,1
EXP,فكان يسمى,2
EXP,فالمعروفة ب,2
EXP,فتلقب ب,2
EXP,فكان يلقب ب,3
EXP,فمشهور ب,2
EXP,فلقب,1
EXP,فيدعى ب,2
EXP,فاسمه,1
EXP,فثم,1
EXP,فيعني,1
EXP,فمن أهل ,2
EXP,فأهل ال,2
EXP,فوالد,1
EXP,فالأصل,1
EXP,فأصله من,2
EXP,فكان من,2
EXP,فالماضي,1
EXP,فالآتي,1
EXP,فنسبة,1
EXP,فيعرف كسلفه ب,3
EXP,فتعرف ب,2
EXP,فنزيل,1
EXP,فكان يسكن ب,3
EXP,فزوج,1
EXP,فصلى الله وعليه وسلم,4
EXP,والمعروف ب,2
EXP,ويعرف ب,2
EXP,والملقب ب,2
EXP,ومعروف ب,2
EXP,ويلقب ب,2
EXP,وعرف ب,2
EXP,والشهير ب,2
EXP,ويقال له,2
EXP,والمشتهر ب,2
EXP,ولقب ب,2
EXP,والمشهور ب,2
EXP,ويقال,1
EXP,والملقب,1
EXP,ومرءة,1
EXP,وكان يسمى,2
EXP,والمعروفة ب,2
EXP,وتلقب ب,2
EXP,وكان يلقب ب,3
EXP,ومشهور ب,2
EXP,ولقب,1
EXP,ويدعى ب,2
EXP,واسمه,1
EXP,وثم,1
EXP,ويعني,1
EXP,ومن أهل ,2
EXP,وأهل ال,2
EXP,ووالد,1
EXP,والأصل,1
EXP,وأصله من,2
EXP,وكان من,2
EXP,والماضي,1
EXP,والآتي,1
EXP,ونسبة,1
EXP,ويعرف كسلفه ب,3
EXP,وتعرف ب,2
EXP,ونزيل,1
EXP,وكان يسكن ب,3
EXP,وزوج,1
EXP,وصلى الله وعليه وسلم,4
EXP,المعروف ب,2
EXP,يعرف ب,2
EXP,الملقب ب,2
EXP,معروف ب,2
EXP,يلقب ب,2
EXP,عرف ب,2
EXP,الشهير ب,2
EXP,يقال له,2
EXP,المشتهر ب,2
EXP,لقب ب,2
EXP,المشهور ب,2
EXP,يقال,1
EXP,الملقب,1
EXP,مرءة,1
EXP,كان يسمى,2
EXP,المعروفة ب,2
EXP,تلقب ب,2
EXP,كان يلقب ب,3
EXP,مشهور ب,2
EXP,لقب,1
EXP,يدعى ب,2
EXP,اسمه,1
EXP,ثم,1
EXP,يعني,1
EXP,من أهل ,2
EXP,أهل ال,2
EXP,والد,1
EXP,الأصل,1
EXP,أصله من,2
EXP,كان من,2
EXP,الماضي,1
EXP,الآتي,1
EXP,نسبة,1
EXP,يعرف كسلفه ب,3
EXP,تعرف ب,2
EXP,نزيل,1
EXP,كان يسكن ب,3
EXP,زوج,1
EXP,صلى الله وعليه وسلم,4
ISM,محمد,1
ISM,أحمد,1
ISM,علي,1
ISM,عبد الله,2
ISM,أأأ,1
ISM,إبراهيم,1
ISM,عبد الرحمان,2
ISM,يحيى,1
ISM,الحسن,1
ISM,عمر,1
ISM,يوسف,1
ISM,إسماعيل,1
ISM,الحسين,1
ISM,حسن,1
ISM,سليمان,1
ISM,سعيد,1
ISM,عثمان,1
ISM,موسى,1
ISM,جعفر,1
ISM,عيسى,1
ISM,حسين,1
ISM,عبد العزيز,2
ISM,إسحاق,1
ISM,عبد الملك,2
ISM,عبيد الله,2
ISM,محمود,1
ISM,منصور,1
ISM,قاسم,1
ISM,عمرو,1
ISM,نصر,1
ISM,القاسم,1
ISM,صالح,1
ISM,هبة الله,2
ISM,داوود,1
ISM,يعقوب,1
ISM,يزيد,1
ISM,عبد الواحد,2
ISM,خالد,1
ISM,خلف,1
ISM,أيوب,1
ISM,سعد,1
ISM,حمزة,1
ISM,الفضل,1
ISM,عبد الوهاب,2
ISM,زيد,1
ISM,مسعود,1
ISM,عبد الكريم,2
ISM,سالم,1
ISM,العباس,1
ISM,عبد الرحيم,2
ISM,عبد القادر,2
ISM,يونس,1
ISM,زياد,1
ISM,مروان,1
ISM,المبارك,1
ISM,هارون,1
ISM,عبد السلام,2
ISM,خليل,1
ISM,مسلم,1
ISM,ميمون,1
ISM,حماد,1
ISM,إدريس,1
ISM,سهل,1
ISM,ثابت,1
ISM,الحارث,1
ISM,عبد الصمد,2
ISM,زكرياء,1
ISM,هشام,1
ISM,طاهر,1
ISM,عامر,1
ISM,حبيب,1
ISM,عمران,1
ISM,أسعد,1
ISM,مالك,1
ISM,هلال,1
ISM,عبيد,1
ISM,قيس,1
ISM,معاوية,1
ISM,صدقة,1
ISM,بشر,1
ISM,صلاح,1
ISM,الحكم,1
ISM,عباس,1
ISM,كثير,1
ISM,حميد,1
ISM,عبد الحميد,2
ISM,حسان,1
ISM,الوليد,1
ISM,عطية,1
ISM,عمار,1
ISM,عبد المنعم,2
ISM,غالب,1
ISM,وهب,1
ISM,المظفر,1
ISM,جابر,1
ISM,عبد الجبار,2
ISM,هاشم,1
ISM,عبد الغني,2
ISM,سلام,1
ISM,أسد,1
ISM,مكي,1
ISM,بكر,1
ISM,سلامة,1
ISM,ناصر,1
ISM,شعيب,1
ISM,حفص,1
ISM,عبد الرزاق,2
ISM,حاتم,1
ISM,عباد,1
ISM,سلمة,1
ISM,مكرم,1
ISM,عبد الخالق,2
ISM,عاصم,1
ISM,طلحة,1
ISM,مهران,1
ISM,بدر,1
ISM,سفيان,1
ISM,نعمة,1
ISM,فاطمة,1
ISM,حامد,1
ISM,حمدان,1
ISM,مخلد,1
ISM,عبد اللطيف,2
ISM,الخضر,1
ISM,مظفر,1
ISM,مهدي,1
ISM,مخلوف,1
ISM,تميم,1
ISM,عبد الحق,2
ISM,بشير,1
ISM,عبد المحسن,2
ISM,زهير,1
ISM,كامل,1
ISM,دينار,1
ISM,العلاء,1
ISM,حرب,1
ISM,غازي,1
ISM,أبان,1
ISM,تمام,1
ISM,سنان,1
ISM,الفرج,1
ISM,النعمان,1
ISM,فارس,1
ISM,الربيع,1
ISM,الهيثم,1
ISM,عقيل,1
ISM,سليم,1
ISM,نوح,1
ISM,عطاء,1
ISM,رافع,1
ISM,سلمان,1
ISM,نصر الله,2
ISM,نافع,1
ISM,مصعب,1
ISM,عبد الهادي,2
ISM,ربيعة,1
ISM,المغيرة,1
ISM,حمود,1
ISM,فرج,1
ISM,زنكي,1
ISM,راشد,1
ISM,أعين,1
ISM,عدي,1
ISM,يسار,1
ISM,شبيب,1
ISM,عبد المؤمن,2
ISM,معمر,1
ISM,شجاع,1
ISM,زينب,1
ISM,نعيم,1
ISM,عبد القاهر,2
ISM,معاذ,1
ISM,عبد الباقي,2
ISM,الحجاج,1
ISM,مودود,1
ISM,جرير,1
ISM,عبد ربه,2
ISM,عبد الكافي,2
ISM,العادل,1
ISM,مفلح,1
ISM,شاكر,1
ISM,قدامة,1
ISM,عبد السيد,2
ISM,بركات,1
ISM,مفرج,1
ISM,جميل,1
ISM,الزبير,1
ISM,الصباح,1
ISM,فضل,1
ISM,صاعد,1
ISM,حمد,1
ISM,عقبة,1
ISM,مسلمة,1
ISM,حيدرة,1
ISM,المهدي,1
ISM,عسكر,1
ISM,المنذر,1
ISM,حزم,1
ISM,بشار,1
ISM,مفضل,1
ISM,حيان,1
ISM,قتيبة,1
ISM,عتيق,1
ISM,نصير,1
ISM,صفوان,1
ISM,السري,1
ISM,مرزوق,1
ISM,مقلد,1
ISM,أصبغ,1
ISM,عوف,1
ISM,حمدون,1
ISM,حكيم,1
ISM,عبد المجيد,2
ISM,الليث,1
ISM,المحسن,1
ISM,معروف,1
ISM,بكير,1
ISM,رجاء,1
ISM,بندار,1
ISM,مقاتل,1
ISM,عبد الأعلى,2
ISM,أمية,1
ISM,عياض,1
ISM,عبد المعطي,2
ISM,عبد البر,2
ISM,هانئ,1
ISM,ياسين,1
ISM,حكم,1
ISM,حجاج,1
ISM,المنصور,1
ISM,الخليل,1
ISM,حنبل,1
ISM,يعلى,1
ISM,عتبة,1
ISM,عبد المطلب,2
ISM,عياش,1
ISM,عبادة,1
ISM,عبد الغفار,2
ISM,النضر,1
ISM,أبو السعادات,2
ISM,شداد,1
ISM,عميرة,1
ISM,عون,1
ISM,بلال,1
ISM,عائشة,1
ISM,غانم,1
ISM,المنجى,1
ISM,مطرف,1
ISM,المفضل,1
ISM,رضوان,1
ISM,المسلم,1
ISM,غياث,1
ISM,بو بكر,2
ISM,مبارك,1
ISM,نزار,1
ISM,طرخان,1
ISM,شريح,1
ISM,رزين,1
ISM,بركة,1
ISM,معبد,1
ISM,الضحاك,1
ISM,أسلم,1
ISM,نجم,1
ISM,عساكر,1
ISM,علوان,1
ISM,إلياس,1
ISM,المسيب,1
ISM,محفوظ,1
ISM,الهادي,1
ISM,فتيان,1
ISM,عبد الجليل,2
ISM,جامع,1
ISM,عبدوس,1
ISM,سيار,1
ISM,شاهنشاه,1
ISM,كعب,1
ISM,رمضان,1
ISM,عمير,1
ISM,المثنى,1
ISM,ملك شاه,2
ISM,صبيح,1
ISM,مسعدة,1
ISM,عبد القوي,2
ISM,أسامة,1
ISM,خديجة,1
ISM,عمارة,1
ISM,عروة,1
ISM,الجنيد,1
ISM,سرور,1
ISM,الصلت,1
ISM,واصل,1
ISM,معالي,1
ISM,منذر,1
ISM,خلفة,1
ISM,مطهر,1
ISM,رستم,1
ISM,روح,1
ISM,جهور,1
ISM,الخطاب,1
ISM,بدران,1
ISM,آدم,1
ISM,حمويه,1
ISM,سويد,1
ISM,عجلان,1
ISM,الأسود,1
ISM,المختار,1
ISM,هبيرة,1
ISM,فضال,1
ISM,عبد الوارث,2
ISM,الأشعث,1
ISM,عفيف,1
ISM,يعيش,1
ISM,خطاب,1
ISM,رشيد,1
ISM,أرسلان,1
ISM,محرز,1
ISM,قايماز,1
ISM,الجراح,1
ISM,دحمان,1
ISM,زرارة,1
ISM,سعد الله,2
ISM,مطر,1
ISM,مسكين,1
ISM,أوس,1
ISM,وليد,1
ISM,المعز,1
ISM,قرة,1
ISM,فهد,1
ISM,سيف,1
ISM,ميسرة,1
ISM,ربيع,1
ISM,بكار,1
ISM,المهلب,1
ISM,أنس,1
ISM,أسباط,1
ISM,شاذي,1
ISM,شريك,1
ISM,ياقوت,1
ISM,عبد العظيم,2
ISM,خضر,1
ISM,بختيار,1
ISM,دبيس,1
ISM,ألب أرسلان,2
ISM,حارث,1
ISM,أفلح,1
ISM,فيروز,1
ISM,الفرات,1
ISM,باديس,1
ISM,كيسان,1
ISM,همام,1
ISM,الحباب,1
ISM,معن,1
ISM,محسن,1
ISM,مقبل,1
ISM,مصطفى,1
ISM,شيركوه,1
ISM,عبد الدائم,2
ISM,جبلة,1
ISM,خلاد,1
ISM,عوض,1
ISM,اليسع,1
ISM,حبان,1
ISM,واقد,1
ISM,مؤيد,1
ISM,الطيب,1
ISM,عبد الحكم,2
ISM,شادي,1
ISM,سابور,1
ISM,كليب,1
ISM,المؤمل,1
ISM,حازم,1
ISM,حبيش,1
ISM,ياسر,1
ISM,سعادة,1
ISM,معد,1
ISM,لؤلؤ,1
ISM,طريف,1
ISM,بويه,1
ISM,جماعة,1
ISM,برد,1
ISM,شاذان,1
ISM,نجيح,1
ISM,جبير,1
ISM,عبد المولى,2
ISM,تغلب,1
ISM,قطن,1
ISM,شعبان,1
ISM,ظافر,1
ISM,شكر,1
ISM,خاقان,1
ISM,قتادة,1
ISM,منير,1
ISM,قريش,1
ISM,الجهم,1
ISM,بقي,1
ISM,عبد النور,2
ISM,الفضيل,1
ISM,زيدون,1
ISM,المتوكل,1
ISM,سودان,1
ISM,سابق,1
ISM,خزيمة,1
ISM,سوار,1
ISM,العوام,1
ISM,عزوز,1
ISM,مريم,1
ISM,نشوان,1
ISM,عبد الغافر,2
ISM,المؤيد,1
ISM,فناخسرو,1
ISM,الأزهر,1
ISM,ظفر,1
ISM,أيبك,1
ISM,وهيب,1
ISM,موهوب,1
ISM,حصين,1
ISM,هذيل,1
ISM,الحر,1
ISM,شافع,1
ISM,عبد الولي,2
ISM,نمير,1
ISM,غسان,1
ISM,المرزبان,1
ISM,منعة,1
ISM,طغتكين,1
ISM,معلى,1
ISM,سيد أهله,2
ISM,فتاح,1
ISM,رسلان,1
ISM,سراج,1
ISM,ظهيرة,1
ISM,عتاب,1
ISM,داود,1
ISM,خداش,1
ISM,فتوح,1
ISM,عبد الحليم,2
ISM,مختار,1
ISM,جندب,1
ISM,أرسلان شاه,2
ISM,بيان,1
ISM,مرتضا,1
ISM,حريث,1
ISM,قوام,1
ISM,جبرئيل,1
ISM,جبريل,1
ISM,الخصيب,1
ISM,مسافر,1
ISM,صهيب,1
ISM,ثعلبة,1
ISM,صباح,1
ISM,جبرون,1
ISM,مثنى,1
ISM,قبيصة,1
ISM,مهنأ,1
ISM,رباح,1
ISM,سماعة,1
ISM,بحر,1
ISM,هادي,1
ISM,الأصبغ,1
ISM,شيبة,1
ISM,فضل الله,2
ISM,فضيل,1
ISM,أبو وقاص,2
ISM,ميثم,1
ISM,أبو صفرة,2
ISM,الأغلب,1
ISM,دراج,1
ISM,غيلان,1
ISM,مسرة,1
ISM,أبو السري,2
ISM,لطف الله,2
ISM,حذيفة,1
ISM,راجح,1
ISM,الفتح,1
ISM,طهمان,1
ISM,طالب,1
ISM,المطهر,1
ISM,بهرام,1
ISM,سعدان,1
ISM,العاص,1
ISM,محبوب,1
ISM,بهلول,1
ISM,رشيق,1
ISM,حديد,1
ISM,عياد,1
ISM,بسطام,1
ISM,طارق,1
ISM,مشرف,1
ISM,ميكائيل,1
ISM,عرفة,1
ISM,منقذ,1
ISM,فرقد,1
ISM,كلثوم,1
ISM,مبشر,1
ISM,سعدون,1
ISM,أيمن,1
ISM,الريان,1
ISM,عبد الأحد,2
ISM,جنادة,1
ISM,طراد,1
ISM,رزيق,1
ISM,جوشن,1
ISM,البراء,1
ISM,العزيز,1
ISM,شيبان,1
ISM,إياس,1
ISM,حنين,1
ISM,مسرور,1
ISM,قلاوون,1
ISM,مزين,1
ISM,حجر,1
ISM,آقسنقر,1
ISM,شبل,1
ISM,مهلهل,1
ISM,المستنصر,1
ISM,كافور,1
ISM,رباط,1
ISM,وكيع,1
ISM,شهاب,1
ISM,صفية,1
ISM,المعافى,1
ISM,فلاح,1
ISM,ورقاء,1
ISM,وصيف,1
ISM,مسمع,1
ISM,علون,1
ISM,أويس,1
ISM,الحصين,1
ISM,زائدة,1
ISM,تيمية,1
ISM,حنظلة,1
ISM,مضر,1
ISM,نباتة,1
ISM,فرح,1
ISM,زريق,1
ISM,أبو عبدة,2
ISM,عنبسة,1
ISM,بختيشوع,1
ISM,حمران,1
ISM,معقل,1
ISM,صخر,1
ISM,أرتق,1
ISM,أسيد,1
ISM,بزيع,1
ISM,شراحيل,1
ISM,جهير,1
ISM,مزيد,1
ISM,بقية,1
ISM,محاسن,1
ISM,القائم,1
ISM,زرعة,1
ISM,خارجة,1
ISM,رياح,1
ISM,حيون,1
ISM,السائب,1
ISM,مكتوم,1
ISM,لب,1
ISM,جواد,1
ISM,عيشون,1
ISM,فطيس,1
ISM,عبد مناف,2
ISM,مجاد,1
ISM,مرشد,1
ISM,عضد الدولة,2
ISM,جهبل,1
ISM,مغيث,1
ISM,ماهان,1
ISM,بكران,1
ISM,يقطين,1
ISM,عبد الظاهر,2
ISM,سنجر,1
ISM,حيدر,1
ISM,سبكتكين,1
ISM,عفان,1
ISM,سلم,1
ISM,فتح,1
ISM,زيري,1
ISM,عبد,1
ISM,إسرائيل,1
ISM,مطيع,1
ISM,عبد العليم,2
ISM,عبدان,1
ISM,ليث,1
ISM,صابر,1
ISM,غنيمة,1
ISM,شقيق,1
ISM,عتيبة,1
ISM,مقسم,1
ISM,أرغون,1
ISM,ناصر الدولة,2
ISM,يخلف,1
ISM,عرام,1
ISM,سمعان,1
ISM,سهيل,1
ISM,وردان,1
ISM,جهم,1
ISM,ملاعب,1
ISM,نجا,1
ISM,يعمر,1
ISM,خلف الله,2
ISM,شيرويه,1
ISM,حجي,1
ISM,عبد البارئ,2
ISM,بلكين,1
ISM,أسماء,1
ISM,معوضة,1
ISM,ماسرجيس,1
ISM,عبد الودود,2
ISM,مسهر,1
ISM,فرحون,1
ISM,زاهر,1
ISM,أبو شيبة,2
ISM,الدهان,1
ISM,منيع,1
ISM,عطاء الله,2
ISM,حنش,1
ISM,عواض,1
ISM,جمهور,1
ISM,جناح,1
ISM,جميع,1
ISM,جوهر,1
ISM,مجبر,1
ISM,جبارة,1
ISM,مزاحم,1
ISM,زنجويه,1
ISM,زهر,1
ISM,ساعد,1
ISM,اليمان,1
ISM,خلصة,1
ISM,نجاح,1
ISM,جبرائيل,1
ISM,مؤمن,1
ISM,زيدان,1
ISM,نعمان,1
ISM,مرتضى,1
ISM,حريز,1
ISM,دعبل,1
ISM,لبابة,1
ISM,بوري,1
ISM,عصمة,1
ISM,الوضاح,1
ISM,رفاعة,1
ISM,ميسر,1
ISM,فروخ,1
ISM,طاووس,1
ISM,نهشل,1
ISM,ممدود,1
ISM,فياض,1
ISM,ناصح,1
ISM,عماد,1
ISM,مدرك,1
ISM,شهيد,1
ISM,علقمة,1
ISM,عبد الأول,2
ISM,زهرة,1
ISM,بطال,1
ISM,نبهان,1
ISM,إسكندر,1
ISM,خباب,1
ISM,أبو ربيعة,2
ISM,المغلس,1
ISM,أبي,1
ISM,آق سنقر,2
ISM,ماجد,1
ISM,القفل,1
ISM,عكرمة,1
ISM,المعتضد,1
ISM,يبقى,1
ISM,سنقر,1
ISM,مرة,1
ISM,شجرة,1
ISM,مأمون,1
ISM,أبو الصلت,2
ISM,بريد,1
ISM,خميس,1
ISM,حسام,1
ISM,العربي,1
ISM,الهذيل,1
ISM,ركن الدولة,2
ISM,رجب,1
ISM,جمعة,1
ISM,صديق,1
ISM,زين العابدين,2
ISM,شعبة,1
ISM,يزداد,1
ISM,عبيدة,1
ISM,مكارم,1
ISM,عبد العالي,2
ISM,المعلى,1
ISM,رميثة,1
ISM,المكين,1
ISM,ماسويه,1
ISM,أبو زياد,2
ISM,مهزيار,1
ISM,فضالة,1
ISM,أبو جرادة,2
ISM,عبد المغيث,2
ISM,الصديق,1
ISM,حي,1
ISM,عطاف,1
ISM,هناد,1
ISM,أبو حفصة,2
ISM,مناد,1
ISM,شهردبير,1
ISM,جلال,1
ISM,شرف,1
ISM,منده,1
ISM,جبر,1
ISM,برمك,1
ISM,السلار,1
ISM,رحمة,1
ISM,بديل,1
ISM,ظريف,1
ISM,عبد الرؤوف,2
ISM,المهناء,1
ISM,رزق الله,2
ISM,لاحق,1
ISM,طولون,1
ISM,وهبان,1
ISM,سند,1
ISM,عنتر,1
ISM,حيوة,1
ISM,محارب,1
ISM,وارث,1
ISM,دلف,1
ISM,هند,1
ISM,خلاص,1
ISM,كنانة,1
ISM,أسود,1
ISM,أبو اللطف,2
ISM,توران شاه,2
ISM,عبدون,1
ISM,شبة,1
ISM,حوشب,1
ISM,عصام,1
ISM,حبشي,1
ISM,قنبر,1
ISM,رزق,1
ISM,ظبيان,1
ISM,خنيس,1
ISM,هرمز,1
ISM,عجنس,1
ISM,حسون,1
ISM,بهاء الدولة,2
ISM,مرجا,1
ISM,البهاء,1
ISM,الكيال,1
ISM,بردس,1
ISM,ربعي,1
ISM,عزيز,1
ISM,مخرمة,1
ISM,هندو,1
ISM,مذحج,1
ISM,أبو حرب,2
ISM,توبة,1
ISM,جحدر,1
ISM,مهاجر,1
ISM,حرملة,1
ISM,من الله,2
ISM,درباس,1
ISM,سندي,1
ISM,المنهال,1
ISM,النفيس,1
ISM,زيادة الله,2
ISM,خيثمة,1
ISM,الظاهر,1
ISM,بلبان,1
ISM,الحنبلي,1
ISM,صصرى,1
ISM,برهان,1
ISM,وهاس,1
ISM,مهلا,1
ISM,سورة,1
ISM,غزوان,1
ISM,العاصي,1
ISM,أبو زمنين,2
ISM,أثردي,1
ISM,مسروق,1
ISM,سدير,1
ISM,صمادح,1
ISM,عبد الرضى,2
ISM,بشران,1
ISM,حسول,1
ISM,معافى,1
ISM,هولاكو,1
ISM,بقاء,1
ISM,سهر,1
ISM,سحنون,1
ISM,حنان,1
ISM,ماضي,1
ISM,بابويه,1
ISM,قراجا,1
ISM,حمدويه,1
ISM,رواحة,1
ISM,صعصعة,1
ISM,شاهين,1
ISM,محمد شاه,2
ISM,زين الأمناء,2
ISM,عبد الكثير,2
ISM,ورد,1
ISM,عدنان,1
ISM,حسنويه,1
ISM,عبد القدوس,2
ISM,أبيض,1
ISM,أبغا,1
ISM,نفيس,1
ISM,موفق,1
ISM,جويرية,1
ISM,تكش,1
ISM,غراب,1
ISM,الشهيد,1
ISM,شيث,1
ISM,بيبرس,1
ISM,قابوس,1
ISM,بسام,1
ISM,سلجوق,1
ISM,قتلمش,1
ISM,يربوع,1
ISM,خيران,1
ISM,جزي,1
ISM,قزمان,1
ISM,أبو حبيب,2
ISM,وضاح,1
ISM,أشعث,1
ISM,الغمر,1
ISM,عبد الغالب,2
ISM,فورجة,1
ISM,أرطاة,1
ISM,جندر,1
ISM,مزهر,1
ISM,ذو النون,2
ISM,حارثة,1
ISM,شهريار,1
ISM,سمرة,1
ISM,علاء,1
ISM,مطروح,1
ISM,تليد,1
ISM,الزراد,1
ISM,عبد الرجاء,2
ISM,فيره,1
ISM,تتش,1
ISM,بسر,1
ISM,سعيدة,1
ISM,باز,1
ISM,حمديس,1
ISM,سيرين,1
ISM,سراقة,1
ISM,المقلد,1
ISM,فروخشاه,1
ISM,مرتنيل,1
ISM,مؤمل,1
ISM,هوازن,1
ISM,سوادة,1
ISM,فرجون,1
ISM,ريان,1
ISM,نوفل,1
ISM,جني,1
ISM,كيخسرو,1
ISM,قلج أرسلان,2
ISM,علالي,1
ISM,صغير,1
ISM,طاوس,1
ISM,وداعة,1
ISM,مرار,1
ISM,أرقم,1
ISM,أبو الخوف,2
ISM,أكثم,1
ISM,فرات,1
ISM,خلوف,1
ISM,علان,1
ISM,معين,1
ISM,وريزة,1
ISM,حمدين,1
ISM,بكس,1
ISM,الراهب,1
ISM,مطير,1
ISM,إقبال,1
ISM,مازن,1
ISM,حيوس,1
ISM,سعيد الخير,2
ISM,كريمة,1
ISM,الصقر,1
ISM,طغريل شاه,2
ISM,الأحنف,1
ISM,عابد,1
ISM,مرداس,1
ISM,مهلب,1
ISM,خويلد,1
ISM,مرهف,1
ISM,الأشرف,1
ISM,ريدان,1
ISM,سريج,1
ISM,أزهر,1
ISM,دعلج,1
ISM,شاه رخ,2
ISM,قيصر,1
ISM,ثوبان,1
ISM,أبو الجبر,2
ISM,آمنة,1
ISM,رشد,1
ISM,أبو سمينة,2
ISM,هود,1
ISM,أخوه,1
ISM,بزرج,1
ISM,أبو مطر,2
ISM,سماك,1
ISM,مكحول,1
ISM,عقال,1
ISM,أبو زهير,2
ISM,نفيل,1
ISM,الجنطو,1
ISM,الدويدة,1
ISM,عبد الرحمان الناصر,3
ISM,معتب,1
ISM,عبدة,1
ISM,خيرون,1
ISM,المصفي,1
ISM,شمس,1
ISM,دعامة,1
ISM,طلق,1
ISM,دحية,1
ISM,عشائر,1
ISM,أبو نمي,2
ISM,عبد الواسع,2
ISM,تاشفين,1
ISM,العجوز,1
ISM,مهيار,1
ISM,عبدك,1
ISM,فتحون,1
ISM,أصرم,1
ISM,سبع,1
ISM,مسكان,1
ISM,السبع,1
ISM,جار الله,2
ISM,زبان,1
ISM,زاذان,1
ISM,ثوير,1
ISM,جهاركس,1
ISM,نشيط,1
ISM,أبو جمرة,2
ISM,صمود,1
ISM,الحسام,1
ISM,قعنب,1
ISM,عصرون,1
ISM,المقداد,1
ISM,براق,1
ISM,فليتة,1
ISM,أشهب,1
ISM,غيث,1
ISM,وشاح,1
ISM,نجبة,1
ISM,منتصر,1
ISM,سكين,1
ISM,عليليس,1
ISM,طليب,1
ISM,سارة,1
ISM,سقر,1
ISM,دقاق,1
ISM,شنيف,1
ISM,ناجية,1
ISM,خير,1
ISM,كيقباد,1
ISM,هيثم,1
ISM,سافري,1
ISM,منخل,1
ISM,خضر بك,2
ISM,عائذ,1
ISM,أمة العزيز,2
ISM,درهم,1
ISM,ست الكل,2
ISM,الزبرقان,1
ISM,القمحي,1
ISM,بهادر,1
ISM,جورجس,1
ISM,طوق,1
ISM,ذبيان,1
ISM,عبد الناصر,2
ISM,بسيل,1
ISM,الوداني,1
ISM,لاجين,1
ISM,صوحان,1
ISM,سباع,1
ISM,يخامر,1
ISM,جلول,1
ISM,بكروس,1
ISM,عيينة,1
ISM,طلائع,1
ISM,نجدة,1
ISM,الفراة,1
ISM,الطباع,1
ISM,عبد المحمود,2
ISM,زهرون,1
ISM,نظيف,1
ISM,أبو شعبة,2
ISM,مرزويه,1
ISM,حسداي,1
ISM,أبو دليم,2
ISM,الزغندي,1
ISM,أبو عقيل,2
ISM,سعد الخير,2
ISM,طيب,1
ISM,الرزون,1
ISM,مباركة,1
ISM,عنبر,1
ISM,دوست,1
ISM,آقبغا,1
ISM,أبو صفية,2
ISM,جريج,1
ISM,شهردوير,1
ISM,تقية,1
ISM,يوحنا,1
ISM,عازب,1
ISM,مراد,1
ISM,أبو الأشعث,2
ISM,وسلاس,1
ISM,أبو ليلى,2
ISM,مهيب,1
ISM,المعتصم,1
ISM,بطة,1
ISM,قرعوس,1
ISM,حديج,1
ISM,كمالية,1
ISM,السعيد,1
ISM,حابس,1
ISM,ذكوان,1
ISM,مسدد,1
ISM,مؤنس,1
ISM,لهيعة,1
ISM,بو رجل,2
ISM,ظالم,1
ISM,سنسن,1
ISM,نوبخت,1
ISM,المستنير,1
ISM,الغاز,1
ISM,خيرة,1
ISM,منبه,1
ISM,جنكز خان,2
ISM,أذينة,1
ISM,عنان,1
ISM,السابق,1
ISM,المقتفي,1
ISM,زيادة,1
ISM,رميح,1
ISM,عنترة,1
ISM,الشخير,1
ISM,عنيق,1
ISM,أبو الزهر,2
ISM,ثمال,1
ISM,حفصة,1
ISM,قحطان,1
ISM,معدان,1
ISM,وافد,1
ISM,الماجشون,1
ISM,الأشرس,1
ISM,عبد الحاكم,2
ISM,البهلول,1
ISM,منكورس,1
ISM,مسرهد,1
ISM,ذريح,1
ISM,لية,1
ISM,نجفور,1
ISM,أوفى,1
ISM,المطلب,1
ISM,الدامون,1
ISM,ميمونة,1
ISM,عوانة,1
ISM,مخونة,1
ISM,توما,1
ISM,شنبوذ,1
ISM,مهذب,1
ISM,عليم,1
ISM,خسروفيروز,1
ISM,علوية,1
ISM,سكينة,1
ISM,المعظم,1
ISM,سرجس,1
ISM,خفاجة,1
ISM,هبة,1
ISM,شبطون,1
ISM,الخطير,1
ISM,الوزان,1
ISM,الجون,1
ISM,زند,1
ISM,مصبح,1
ISM,أسقلابيوس,1
ISM,زفر,1
ISM,شمون,1
ISM,رؤبة,1
ISM,حاطب,1
ISM,قطب,1
ISM,سهلون,1
ISM,موهب,1
ISM,مرثد,1
ISM,الغنام,1
ISM,ثور,1
ISM,شهر,1
ISM,خالويه,1
ISM,ميكال,1
ISM,قرا يوسف,2
ISM,المقدم,1
ISM,ياروق,1
ISM,عمرون,1
ISM,شهردار,1
ISM,الأنجب,1
ISM,دريب,1
ISM,مجلي,1
ISM,عاقل,1
ISM,الدليل,1
ISM,المجاهد,1
ISM,زبير,1
ISM,حنيف,1
ISM,حشيش,1
ISM,نمر,1
ISM,يموت,1
ISM,مسربل,1
ISM,بري,1
ISM,خليد,1
ISM,خرزاذ,1
ISM,أكسب,1
ISM,الأكرم,1
ISM,كلثم,1
ISM,المسور,1
ISM,تبوك,1
ISM,شرف شاه,2
ISM,مزروع,1
ISM,حرمي,1
ISM,حكينا,1
ISM,مفرح,1
ISM,إلية,1
ISM,عالي,1
ISM,درستويه,1
ISM,الراشد,1
ISM,مليح,1
ISM,حرة,1
ISM,سيابة,1
ISM,حبش,1
ISM,لبون,1
ISM,العديم,1
ISM,نابت,1
ISM,مصدق,1
ISM,ثواب,1
ISM,حاجي,1
ISM,كوجك,1
ISM,مسعر,1
ISM,بدير,1
ISM,جقمق,1
ISM,عبد الحافظ,2
ISM,عرب,1
ISM,أغلب,1
ISM,المنير,1
ISM,خولان,1
ISM,فليح,1
ISM,مرتفع,1
ISM,زرب,1
ISM,كيغلغ,1
ISM,موسك,1
ISM,واجب,1
ISM,شاور,1
ISM,جراح,1
ISM,برسباي,1
ISM,لقمان,1
ISM,يمن,1
ISM,شاذل,1
ISM,المروش,1
ISM,جعفر بيك,2
ISM,عمروس,1
ISM,الجعد,1
ISM,أيدغدي,1
ISM,شرحبيل,1
ISM,القعقاع,1
ISM,الكميت,1
ISM,كيكاوس,1
ISM,جدعان,1
ISM,عمويه,1
ISM,بهمن,1
ISM,جندل,1
ISM,فورك,1
ISM,أيتامش,1
ISM,فاتك,1
ISM,غصن,1
ISM,قزل,1
ISM,الأعز,1
ISM,بشارة,1
ISM,رضا,1
ISM,شماس,1
ISM,رشدين,1
ISM,وثيمة,1
ISM,أضحى,1
ISM,أبو خبزة,2
ISM,سنجر شاه,2
ISM,الجحاف,1
ISM,ما شاء الله,3
ISM,مقلاص,1
ISM,قرواش,1
ISM,ضمرة,1
ISM,حموش,1
ISM,حواري,1
ISM,حريش,1
ISM,جذاعة,1
ISM,رحمة الله,2
ISM,غنائم,1
ISM,خازم,1
ISM,خلدون,1
ISM,رومان,1
ISM,البختري,1
ISM,أتابك زنكي,2
ISM,مغيرة,1
ISM,شمر,1
ISM,طباطبا,1
ISM,المدور,1
ISM,يحنا,1
ISM,مساعد,1
ISM,وجيه,1
ISM,حميدان,1
ISM,سري,1
ISM,كرم,1
ISM,الجارود,1
ISM,عبد الحفيظ,2
ISM,أبو حجر,2
ISM,بهرام شاه,2
ISM,نابل,1
ISM,سبع دينار,2
ISM,حدير,1
ISM,خربندا,1
ISM,الفاخر,1
ISM,هبل,1
ISM,بخت,1
ISM,خمارويه,1
ISM,واثلة,1
ISM,قحطبة,1
ISM,رمانة,1
ISM,بجير,1
ISM,أبو رافع,2
ISM,مدافع,1
ISM,عبد الكبير,2
ISM,الورد,1
ISM,فوران,1
ISM,بدرون,1
ISM,قسطنطين,1
ISM,كرام,1
ISM,الهاد,1
ISM,المقدام,1
ISM,جلبة,1
ISM,مقلة,1
ISM,غنام,1
ISM,ريحان,1
ISM,مقدام,1
ISM,عبد الغفور,2
ISM,أبو العافية,2
ISM,عشيرة,1
ISM,متوكل,1
ISM,سبيع,1
ISM,عزاز,1
ISM,أبو ميمونة,2
ISM,مجان,1
ISM,نفيسة,1
ISM,أبو عصرون,2
ISM,بيطر,1
ISM,طاشتكين,1
ISM,حيويه,1
ISM,بشكوال,1
ISM,دانيال,1
ISM,بغا,1
ISM,سبرة,1
ISM,فثيون,1
ISM,أبو أويس,2
ISM,ست الشام,2
ISM,طيبغا,1
ISM,جكينا,1
ISM,أبو البلاد,2
ISM,بزغش,1
ISM,بريدة,1
ISM,زمعة,1
ISM,منهال,1
ISM,درست,1
ISM,الفيض,1
ISM,مرزبان,1
ISM,نعم الخلف,2
ISM,عفير,1
ISM,مشكان,1
ISM,قرا أرسلان,2
ISM,خيثم,1
ISM,بابك,1
ISM,أبو مسروق,2
ISM,سام,1
ISM,تركانشاه,1
ISM,قطلوبغا,1
ISM,عليا,1
ISM,جحاف,1
ISM,الأحوص,1
ISM,حمير,1
ISM,رزيك,1
ISM,كمال,1
ISM,علوش,1
ISM,حاضر,1
ISM,قمير,1
ISM,ثروان,1
ISM,ربن,1
ISM,أبو كريمة,2
ISM,علك,1
ISM,غلبون,1
ISM,عبد المالك,2
ISM,عربشاه,1
ISM,قطز,1
ISM,سلار,1
ISM,عبد شمس,2
ISM,عبد الرحمن,2
ISM,ألف,1
KUN,أبو عبد الله,3
KUN,أبو الحسن,2
KUN,أبو محمد,2
KUN,أبو بكر,2
KUN,أبو القاسم,2
KUN,أبو العباس,2
KUN,أبو علي,2
KUN,أبو جعفر,2
KUN,أبو الفضل,2
KUN,أبو إسحاق,2
KUN,أبو الحسين,2
KUN,أبو الفتح,2
KUN,أبو سعيد,2
KUN,أبو نصر,2
KUN,أبو عمر,2
KUN,أبو منصور,2
KUN,أبو الفرج,2
KUN,أبو عمرو,2
KUN,أبو حفص,2
KUN,أبو عبد الرحمان,3
KUN,أبو المعالي,2
KUN,أبو أحمد,2
KUN,أبو البركات,2
KUN,أبو طالب,2
KUN,أبو سعد,2
KUN,أبو عثمان,2
KUN,أبو طاهر,2
KUN,أبو زكريا,2
KUN,أبو الوليد,2
KUN,أبو يعقوب,2
KUN,أبو يحيى,2
KUN,أبو حامد,2
KUN,أبو مروان,2
KUN,أبو الفتوح,2
KUN,أبو المظفر,2
KUN,أبو الخير,2
KUN,أبو العلاء,2
KUN,أبو زيد,2
KUN,أبو سليمان,2
KUN,أبو موسى,2
KUN,أبو المحاسن,2
KUN,أبو خالد,2
KUN,أبو أيوب,2
KUN,أبو الطاهر,2
KUN,أبو يعلى,2
KUN,أبو يوسف,2
KUN,أبو المكارم,2
KUN,أبو الطيب,2
KUN,أبو غالب,2
KUN,أبو الخطاب,2
KUN,أبو عامر,2
KUN,أبو سهل,2
KUN,أبو شجاع,2
KUN,أبو المطرف,2
KUN,أبو العز,2
KUN,أبو عمران,2
KUN,أبو الغنائم,2
KUN,أبو إسماعيل,2
KUN,أبو عيسى,2
KUN,أبو الربيع,2
KUN,أبو مسلم,2
KUN,أبو الثناء,2
KUN,أبو الحجاج,2
KUN,أبو الحارث,2
KUN,أبو هاشم,2
KUN,أبو داوود,2
KUN,أبو البقاء,2
KUN,أبو حسن,2
KUN,أبو بشر,2
KUN,أبو إبراهيم,2
KUN,أبو الفضائل,2
KUN,أبو المجد,2
KUN,أبو اليمن,2
KUN,أبو صالح,2
KUN,أبو مسعود,2
KUN,أبو الحكم,2
KUN,أبو الوفاء,2
KUN,أبو نعيم,2
KUN,أبو زرعة,2
KUN,أبو الكرم,2
KUN,أبو ذر,2
KUN,أبو الأصبغ,2
KUN,أبو حاتم,2
KUN,أبو يزيد,2
KUN,أبو حمزة,2
KUN,أبو عبيدة,2
KUN,أبو سلمة,2
KUN,أم محمد,2
KUN,أبو عبد الملك,3
KUN,بلقاسم,1
KUN,أبو تمام,2
KUN,أبو الحزم,2
KUN,أبو الفداء,2
KUN,أبو معاوية,2
KUN,أبو الحرم,2
KUN,أبو المنصور,2
KUN,أم الحسين,2
KUN,أبو الفوارس,2
KUN,أبو عبيد,2
KUN,أبو الذكر,2
KUN,أبو حنيفة,2
KUN,بو جمعة,2
KUN,أبو وهب,2
KUN,أبو عاصم,2
KUN,أبو النجم,2
KUN,أبو المنذر,2
KUN,أم الخير,2
KUN,أبو المفاخر,2
KUN,أبو السعود,2
KUN,أبو فراس,2
KUN,أبو هارون,2
KUN,أم الفضل,2
KUN,أبو اليسر,2
KUN,أبو هريرة,2
KUN,بو عبد الله,3
KUN,أبو الأسود,2
KUN,أبو معشر,2
KUN,أبو عبيد الله,3
KUN,أبو النصر,2
KUN,أبو سفيان,2
KUN,أبو تميم,2
KUN,أبو ثابت,2
KUN,أبو الهيثم,2
KUN,بو السيد,2
KUN,أبو الغيث,2
KUN,أبو غانم,2
KUN,أبو حسين,2
KUN,أبو العرب,2
KUN,أبو الجود,2
KUN,أبو غسان,2
KUN,أبو تراب,2
KUN,أبو الصباح,2
KUN,بلفتوح,1
KUN,أبو أمية,2
KUN,بلحسين,1
KUN,أبو بحر,2
KUN,أبو معمر,2
KUN,أبو عمارة,2
KUN,أبو الرضا,2
KUN,أبو النضر,2
KUN,أبو شاكر,2
KUN,أبو الجيش,2
KUN,أم أحمد,2
KUN,أم كلثوم,2
KUN,أبو شعيب,2
KUN,أبو البختري,2
KUN,أبو الدر,2
KUN,أبو حيان,2
KUN,أبو المطاع,2
KUN,أبو رجاء,2
KUN,أبو روح,2
KUN,أبو المثنى,2
KUN,بو الحسين,2
KUN,أبو الفتيان,2
KUN,أبو حصين,2
KUN,أبو المقدام,2
KUN,أبو الهيجاء,2
KUN,أبو الدرداء,2
KUN,أبو الليث,2
KUN,أبو الأزهر,2
KUN,أم عبد الله,3
KUN,أبو سالم,2
KUN,أبو مضر,2
KUN,أبو المواهب,2
KUN,أبو المعمر,2
KUN,أبو دلف,2
KUN,أبو الهذيل,2
KUN,أبو ياسر,2
KUN,أبو حسان,2
KUN,أبو هشام,2
KUN,أبو هلال,2
KUN,أبو المرهف,2
KUN,أبو النعمان,2
KUN,أبو الأعز,2
KUN,أبو الأغر,2
KUN,أبو الجوائز,2
KUN,أبو خليفة,2
KUN,أبو الجعد,2
KUN,أبو أسامة,2
KUN,أبو الصدق,2
KUN,أبو حذيفة,2
KUN,أبو الفهم,2
KUN,أبو النجيب,2
KUN,أبو عمار,2
KUN,أبو بصير,2
KUN,أبو عبد الرحيم,3
KUN,بلفرج,1
KUN,أبو همام,2
KUN,أبو محفوظ,2
KUN,أبو معاذ,2
KUN,أبو قلابة,2
KUN,أبو العاص,2
KUN,أبو الميمون,2
KUN,أبو سيار,2
KUN,أبو صادق,2
KUN,أبو نزار,2
KUN,أبو المسك,2
KUN,أم سلمة,2
KUN,أبو العيناء,2
KUN,أبو الغمر,2
KUN,أبو العشائر,2
KUN,أبو المفضل,2
KUN,أبو حازم,2
KUN,أبو رويم,2
KUN,أبو الصقر,2
KUN,أبو نضر,2
KUN,با فضل,2
KUN,أبو مقاتل,2
KUN,أبو مريم,2
KUN,أبو اليقظان,2
KUN,أبو الروح,2
KUN,أبو إدريس,2
KUN,أبو الصفا,2
KUN,أبو الصخر,2
KUN,أبو نعامة,2
KUN,أبو مدين,2
KUN,أبو الرجاء,2
KUN,أبو بكرة,2
KUN,أبو قدامة,2
KUN,أبو مالك,2
KUN,أبو الرقعمق,2
KUN,أبو مزاحم,2
KUN,أبو الجهم,2
KUN,أبو الطفيل,2
KUN,با علوي,2
KUN,أبو المغيرة,2
KUN,أبو فارس,2
KUN,أبو الغصن,2
KUN,أبو الأحوص,2
KUN,أبو كامل,2
KUN,أبو الورد,2
KUN,بو الذكر,2
KUN,أبو العتاهية,2
KUN,أبو اليمان,2
KUN,أبو عبادة,2
KUN,بو الخير,2
KUN,أبو التقي,2
KUN,أبو العالية,2
KUN,أبو عدي,2
KUN,أبو عون,2
KUN,أبو يونس,2
KUN,أبو عوانة,2
KUN,أبو وائل,2
KUN,أبو المحامد,2
KUN,أبو الخزرج,2
KUN,أبو عتبة,2
KUN,أبو خداش,2
KUN,أم علي,2
KUN,أبو بدر,2
KUN,أبو مصعب,2
KUN,أبو دلامة,2
KUN,أبو أمامة,2
LQB,رشيد الدين,2
LQB,نور الدولة,2
LQB,إمام الحرمين,2
LQB,النسيم,1
LQB,الحاج,1
LQB,المهندس,1
LQB,المبارز,1
LQB,السلطان الأعظم,2
LQB,مجاهد الدين,2
LQB,حيص بيص,2
LQB,خير الدين,2
LQB,راجل,1
LQB,محي السنة,2
LQB,من المحلات,2
LQB,شاعر العصر,2
LQB,البحر,1
LQB,الجمال,1
LQB,مسند الوقت,2
LQB,الموفق,1
LQB,العمدة,1
LQB,الكمال,1
LQB,الأفضل,1
LQB,الشمس,1
LQB,محدث الشام,2
LQB,مظفر الدين,2
LQB,السراج,1
LQB,الحافظ الكبير,2
LQB,الأثير,1
LQB,النبيل,1
LQB,نجم الدولة,2
LQB,الشهاب,1
LQB,الأكبر,1
LQB,سيف الدولة,2
LQB,الملك المؤيد,2
LQB,الملك العادل,2
LQB,جمال الإسلام,2
LQB,المتوكل على الله,3
LQB,الخير,1
LQB,أمين الدولة,2
LQB,جمال الملك,2
LQB,رحال,1
LQB,السيد الشريف,2
LQB,الصائن,1
LQB,عفيف الدين,2
LQB,شبل الدولة,2
LQB,متزوج,1
LQB,الأمين,1
LQB,الناصر,1
LQB,حسام الدين,2
LQB,القاضي الأعز,2
LQB,الجليل,1
LQB,جلال الدين,2
LQB,فارس الدين,2
LQB,الثقة,1
LQB,الجواد,1
LQB,العلاء,1
LQB,التاج,1
LQB,الركن,1
LQB,محي الدين,2
LQB,الصفي,1
LQB,منصور بلاه,2
LQB,سديد الدين,2
LQB,المصلح,1
LQB,صدر الدين,2
LQB,القدوة,1
LQB,الملك المعز,2
LQB,مصلح الدين,2
LQB,جمال الدولة,2
LQB,النور,1
LQB,الصدر,1
LQB,تقي الدين,2
LQB,شيخ الإسلام,2
LQB,سيدة,1
LQB,علم الدين,2
LQB,متوكل على الله,3
LQB,الوزير الكبير,2
LQB,مسند العراق,2
LQB,مؤيد الدولة,2
LQB,مسند العصر,2
LQB,الأوحد,1
LQB,عز الدولة,2
LQB,الشيخ الصالح,2
LQB,الولي,1
LQB,عون الدين,2
LQB,الناشئ,1
LQB,تاج الأمناء,2
LQB,شمس المعالي,2
LQB,الفتح,1
LQB,زين الإسلام,2
LQB,المعين,1
LQB,سديد الملك,2
LQB,سراج الدين,2
LQB,الملك الصالح,2
LQB,سيف الإسلام,2
LQB,ذو الرئاستين,2
LQB,الملس,1
LQB,نصر الدولة,2
LQB,الصارم,1
LQB,الديك النيري,2
LQB,المجد,1
LQB,كافي الكفاة,2
LQB,القائم بأمر الله,3
LQB,الجوال,1
LQB,شمس الإسلام,2
LQB,بدر الدين,2
LQB,الملك المعظم,2
LQB,قسيم الدولة,2
LQB,المجير,1
LQB,الشريف,1
LQB,ملك العرب,2
LQB,تاج الدين,2
LQB,أثير الدين,2
LQB,الفخر,1
LQB,الملك القاهر,2
LQB,المظفر,1
LQB,نظام الدين,2
LQB,تاج الإسلام,2
LQB,مهدي لدين الله,3
LQB,السعد,1
LQB,المهذب,1
LQB,الزاهد,1
LQB,البدر,1
LQB,الملك المغيث,2
LQB,داعي الدعاة,2
LQB,شهاب الدين,2
LQB,نصير الدين,2
LQB,الملك العزيز,2
LQB,المؤمن,1
LQB,جلال الدولة,2
LQB,الملك المجاهد,2
LQB,محب الدين,2
LQB,الترجمان,1
LQB,المجاهد,1
LQB,مجير الدين,2
LQB,الحسام,1
LQB,العلم,1
LQB,المحب,1
LQB,الشريفة,1
LQB,الأمير الكبير,2
LQB,التقي,1
LQB,المحي,1
LQB,النديم,1
LQB,أهل المحلات,2
LQB,الغياث,1
LQB,جردان,1
LQB,عضد الدين,2
LQB,مؤيد الدين,2
LQB,عز الدين,2
LQB,أقضى القضاة,2
LQB,زين الكفاة,2
LQB,السلطان العادل,2
LQB,ظهير الدين,2
LQB,أوحد الزمان,2
LQB,جمال الدين,2
LQB,الكامل,1
LQB,مملوك الخليفة الناصر,3
LQB,أمير المؤمنين في الحديث,4
LQB,ولي الدين,2
LQB,الظهير,1
LQB,الشجاع,1
LQB,ملس,1
LQB,النجيب,1
LQB,صلاح الدين,2
LQB,الأمجد,1
LQB,ناصر الدين,2
LQB,القوام,1
LQB,الحبر,1
LQB,فخر الإسلام,2
LQB,إمام الدين,2
LQB,الشيخ الكبير,2
LQB,الموسوس,1
LQB,القاضي الرشيد,2
LQB,صارم الدين,2
LQB,العفيف,1
LQB,الوجيه,1
LQB,ركن الإسلام,2
LQB,فخر الملك,2
LQB,صفي الدين,2
LQB,الملك الظاهر,2
LQB,رئيس الرؤساء,2
LQB,أمير المؤمنن,2
LQB,الصادق,1
LQB,الأستاذ,1
LQB,الماهر,1
LQB,البهاء,1
LQB,الغرس,1
LQB,شمس الدين,2
LQB,نصير الدولة,2
LQB,نظام الملك,2
LQB,الكبير,1
LQB,المعز لدين الله,3
LQB,كمال الدين,2
LQB,المخلص,1
LQB,الأعلم,1
LQB,الملك الأشرف,2
LQB,بقية السلف,2
LQB,الزين,1
LQB,سابق الدين,2
LQB,زين القضاة,2
LQB,الجلال,1
LQB,العز,1
LQB,السيد,1
LQB,بهاء الدين,2
LQB,الورع,1
LQB,المستنجد بالله,2
LQB,أم المؤمنين,2
LQB,علامة,1
LQB,مولى,1
LQB,عماد الدولة,2
LQB,نسيم الدين,2
LQB,سيد الوزراء,2
LQB,وجيه الدين,2
LQB,قوام الدين,2
LQB,الرجل الصالح,2
LQB,صاحب الروم,2
LQB,معز الدين,2
LQB,نجم الدين,2
LQB,الأجل,1
LQB,الزكي,1
LQB,مهذب الدين,2
LQB,الفاضل,1
LQB,الفارس,1
LQB,القطب,1
LQB,مسند الديار المصرية,3
LQB,شرف الدولة,2
LQB,السيد الأجل,2
LQB,العيدروس,1
LQB,فتح الدين,2
LQB,الأسد,1
LQB,العابد,1
LQB,السنان,1
LQB,الكريم,1
LQB,سنان الدين,2
LQB,المولى,1
LQB,الملك السعيد,2
LQB,السابق,1
LQB,العضد,1
LQB,الناصر لدين الله,3
LQB,شرف الدين,2
LQB,الملك الكامل,2
LQB,العميد,1
LQB,مبارز الدين,2
LQB,الوزير الأجل,2
LQB,المؤيد,1
LQB,أمين الدين,2
LQB,العماد,1
LQB,السيد الجليل,2
LQB,الصالح,1
LQB,المتيم,1
LQB,البديع,1
LQB,المعتضد بالله,2
LQB,مفتي الشام,2
LQB,النجم,1
LQB,المفيد,1
LQB,فخر الدولة,2
LQB,الصدر الكبير,2
LQB,الحرش,1
LQB,الهمام,1
LQB,المعمرة,1
LQB,نور الدين,2
LQB,كريم الدين,2
LQB,شجاع الدين,2
LQB,حجة الدين,2
LQB,ذو الوزارتين,2
LQB,السديد,1
LQB,الأعمى,1
LQB,المرابط,1
LQB,المعمر,1
LQB,الملك الناصر,2
LQB,الرضاء,1
LQB,أسد الشام,2
LQB,تاج الملوك,2
LQB,سعد الدين,2
LQB,مجد الدين,2
LQB,الوأواء,1
LQB,فخر الدين,2
LQB,ذو المجدين,2
LQB,عميد الملك,2
LQB,سيد,1
LQB,السيف,1
LQB,غرس الدين,2
LQB,الطاهر,1
LQB,غرباء,1
LQB,علاء الدين,2
LQB,ضياء الدين,2
LQB,العارف بالله تعالى,3
LQB,الضياء,1
LQB,العون,1
LQB,عماد الدين,2
LQB,سيف الدين,2
LQB,البارع,1
LQB,الرحلة,1
LQB,المشرف,1
LQB,راهب الكوفة,2
LQB,المعز,1
LQB,نجيب الدين,2
LQB,الصلاح,1
LQB,العزيز بالله,2
LQB,نفيس الدين,2
LQB,مصطفى الدولة,2
LQB,الصاحب,1
LQB,النظام,1
LQB,تاج الدولة,2
LQB,رضي الدين,2
LQB,زكي الدين,2
LQB,أمير المؤمنين,2
LQB,أسد الدين,2
LQB,ثقة الدين,2
LQB,المستنصر بالله,2
LQB,تاج الأصفياء,2
LQB,شرف الإسلام,2
LQB,موفق الدين,2
LQB,حجة الإسلام,2
LQB,ركن الدين,2
LQB,بركة الوقت,2
LQB,بديع الزمان,2
LQB,أمير المسلمين,2
LQB,الأسعد,1
LQB,مجد الملك,2
LQB,الملك الأفضل,2
LQB,العلامة,1
LQB,النفيس,1
LQB,الإمام,1
LQB,همام الدين,2
LQB,المرتضى,1
LQB,قطب الدين,2
LQB,الحجة,1
LQB,شريف,1
LQB,الربيب,1
LQB,العبد الصالح,2
LQB,الناصح,1
LQB,الناسك,1
LQB,البرهان,1
LQB,معين الدين,2
LQB,الفصيح,1
LQB,الملك المظفر,2
LQB,الرضي,1
LQB,الرشيد,1
LQB,غياث الدين,2
LQB,البليغ,1
LQB,حسام الدولة,2
LQB,مسند الشام,2
LQB,الظاهر بأمر الله,3
LQB,زين الدين,2
LQB,ناصح الدين,2
LQB,معز الدولة,2
LQB,عصام الدين,2
LQB,مسند الدنيا,2
LQB,العصام,1
LQB,مفيد بغداد,2
LQB,خالصة أمير المؤمنين,3
LQB,الشرف,1
LQB,الملك المنصور,2
LQB,خليل أمير المؤمنين,3
LQB,المنلا,1
LQB,المستظهر بالله,2
LQB,عميد الدولة,2
LQB,برهان الدين,2
LQB,شمس الدولة,2
LQB,ست الكتبة,2
LQB,الملك الأوحد,2
LQB,الحاكم بأمر الله,3
LQB,ذو القرنين,2
LQB,المنصور بالله,2
LQB,المستكفي بالله,2
LQB,النصير,1
NSB,البغدادي,1
NSB,الدمشقي,1
NSB,المصري,1
NSB,البصري,1
NSB,الكوفي,1
NSB,كوفي,1
NSB,الحلبي,1
NSB,النيسابوري,1
NSB,الأنصاري,1
NSB,القرشي,1
NSB,المقدسي,1
NSB,الأندلسي,1
NSB,أندلسي,1
NSB,المكي,1
NSB,التميمي,1
NSB,الصالحي,1
NSB,الأصبهاني,1
NSB,الأسدي,1
NSB,المدني,1
NSB,الأزدي,1
NSB,الواسطي,1
NSB,السلمي,1
NSB,الحسيني,1
NSB,الحراني,1
NSB,الرازي,1
NSB,الموصلي,1
NSB,الحسني,1
NSB,المروزي,1
NSB,القرطبي,1
NSB,الهاشمي,1
NSB,الشيباني,1
NSB,المغربي,1
NSB,الرومي,1
NSB,العباسي,1
NSB,الهمداني,1
NSB,الأموي,1
NSB,الهروي,1
NSB,المكية,1
NSB,القمي,1
NSB,الطبرية,1
NSB,الحسينية,1
NSB,اليمني,1
NSB,العلوي,1
NSB,الطبري,1
NSB,الحموي,1
NSB,قرطبي,1
NSB,اللخمي,1
NSB,الكناني,1
NSB,القيسي,1
NSB,السعدي,1
NSB,الهمذاني,1
NSB,البجلي,1
NSB,الكندي,1
NSB,الطائي,1
NSB,الثقفي,1
NSB,الإشبيلي,1
NSB,الإسكندراني,1
NSB,الأشعري,1
NSB,المخزومي,1
NSB,حسني,1
NSB,الحضرمي,1
NSB,العامري,1
NSB,الكردي,1
NSB,الفارسي,1
NSB,البكري,1
NSB,العبدي,1
NSB,البلخي,1
NSB,القاهري,1
NSB,النابلسي,1
NSB,الزهري,1
NSB,التنوخي,1
NSB,التجيبي,1
NSB,الربعي,1
NSB,الحمصي,1
NSB,الجرجاني,1
NSB,القزويني,1
NSB,الطوسي,1
NSB,الشيرازي,1
NSB,الجزري,1
NSB,التيمي,1
NSB,الحميري,1
NSB,العجلي,1
NSB,الإربلي,1
NSB,المعافري,1
NSB,الزبيدي,1
NSB,البخاري,1
NSB,الكلبي,1
NSB,الديلمي,1
NSB,الخزرجي,1
NSB,الخزاعي,1
NSB,الأزجي,1
NSB,الرقي,1
NSB,عربي,1
NSB,الحربي,1
NSB,الليثي,1
NSB,الصنعاني,1
NSB,الشامي,1
NSB,الأنباري,1
NSB,الجذامي,1
NSB,بصري,1
NSB,صنعاني,1
NSB,التغلبي,1
NSB,بغدادي,1
NSB,العقيلي,1
NSB,التركي,1
NSB,الجعفي,1
NSB,الفهري,1
NSB,المهلبي,1
NSB,التونسي,1
NSB,الإسكندري,1
NSB,النخعي,1
NSB,الخوارزمي,1
NSB,الضبي,1
NSB,الخراساني,1
NSB,العمري,1
NSB,الغساني,1
NSB,الكرخي,1
NSB,البعلي,1
NSB,الجوهري,1
NSB,الدينوري,1
NSB,العكبري,1
NSB,الحارثي,1
NSB,المرادي,1
NSB,المعري,1
NSB,الزوزني,1
NSB,الصقلي,1
NSB,العجمي,1
NSB,البعلبكي,1
NSB,الغافقي,1
NSB,المري,1
NSB,العدوي,1
NSB,الباهلي,1
NSB,الأنطاكي,1
NSB,الصنهاجي,1
NSB,السمرقندي,1
NSB,العسقلاني,1
NSB,الغزي,1
NSB,القيرواني,1
NSB,التبريزي,1
NSB,المالقي,1
NSB,علوي,1
NSB,الفاسي,1
NSB,الأنماطي,1
NSB,الخولاني,1
NSB,العنبري,1
NSB,الجيلي,1
NSB,المزني,1
NSB,الطرابلسي,1
NSB,الإصبهاني,1
NSB,المدائني,1
NSB,الجعفري,1
NSB,العراقي,1
NSB,المرسي,1
NSB,التركماني,1
NSB,الفزاري,1
NSB,العبادي,1
NSB,اليماني,1
NSB,البغوي,1
NSB,حسيني,1
NSB,السجستاني,1
NSB,الإفريقي,1
NSB,السجزي,1
NSB,البلنسي,1
NSB,القشيري,1
NSB,الزبيري,1
NSB,الكلابي,1
NSB,الذهلي,1
NSB,الجمحي,1
NSB,هدوي,1
NSB,السبكي,1
NSB,العثماني,1
NSB,النسائي,1
NSB,المحاربي,1
NSB,الجويني,1
NSB,الآمدي,1
NSB,السرخسي,1
NSB,الشاطبي,1
NSB,الهلالي,1
NSB,يمني,1
NSB,السلجوقي,1
NSB,المحلي,1
NSB,السرقسطي,1
NSB,الصدفي,1
NSB,إلبيري,1
NSB,الرعيني,1
NSB,الهذلي,1
NSB,الفارقي,1
NSB,الطيالسي,1
NSB,العبسي,1
NSB,العسكري,1
NSB,الثعلبي,1
NSB,الغرناطي,1
NSB,الشهرزوري,1
NSB,السكوني,1
NSB,البستي,1
NSB,الجهني,1
NSB,المرداوي,1
NSB,الترمذي,1
NSB,الصفدي,1
NSB,مصري,1
NSB,النهدي,1
NSB,الرملي,1
NSB,القاسمي,1
NSB,الحريمي,1
NSB,الصوري,1
NSB,الحمامي,1
NSB,الهادوي,1
NSB,قمي,1
NSB,الإسفرائيني,1
NSB,النسفي,1
NSB,الهندي,1
NSB,صعدي,1
NSB,الذهبي,1
NSB,الناصري,1
NSB,العوفي,1
NSB,النيلي,1
NSB,الجياني,1
NSB,البوشنجي,1
NSB,الزرعي,1
NSB,المرواني,1
NSB,المخرمي,1
NSB,التلمساني,1
NSB,الكلاعي,1
NSB,المراغي,1
NSB,السلامي,1
NSB,العتقي,1
NSB,النويري,1
NSB,البرمكي,1
NSB,الرهاوي,1
NSB,اليحصبي,1
NSB,السدوسي,1
NSB,الكتاني,1
NSB,الحنفي,1
NSB,ذماري,1
NSB,العبدري,1
NSB,العبيدي,1
NSB,قاسمي,1
NSB,الكرماني,1
NSB,السبتي,1
NSB,العنسي,1
NSB,يوناني,1
NSB,الإسكافي,1
NSB,الأهوازي,1
NSB,الحبشي,1
NSB,الباخرزي,1
NSB,العلائي,1
NSB,الأسلمي,1
NSB,البياني,1
NSB,النميري,1
NSB,المازني,1
NSB,القدسي,1
NSB,طليطلي,1
NSB,البرقي,1
NSB,الدمياطي,1
NSB,الأذرعي,1
NSB,الخرقي,1
NSB,مدني,1
NSB,الحوراني,1
NSB,هاشمي,1
NSB,إشبيلي,1
NSB,الأزهري,1
NSB,الناشري,1
NSB,القوصي,1
NSB,القطيعي,1
NSB,الحنظلي,1
NSB,الدوري,1
NSB,الذماري,1
NSB,السندي,1
NSB,العجلوني,1
NSB,السنجاري,1
NSB,الهدوي,1
NSB,النهرواني,1
NSB,المنقري,1
NSB,التستري,1
NSB,الباجي,1
NSB,الفرغاني,1
NSB,الصعدي,1
NSB,الأصبحي,1
NSB,اللؤلؤي,1
NSB,البلقيني,1
NSB,القلانسي,1
NSB,المأموني,1
NSB,الحجازي,1
NSB,الطليطلي,1
NSB,النوفلي,1
NSB,النصراني,1
NSB,السوسي,1
NSB,الرصافي,1
NSB,البالسي,1
NSB,الشرفي,1
NSB,البلوي,1
NSB,الحاتمي,1
NSB,المديني,1
NSB,البجاني,1
NSB,المناوي,1
NSB,التهامي,1
NSB,السهروردي,1
NSB,الجندي,1
NSB,الطرسوسي,1
NSB,القفصي,1
NSB,الشاغوري,1
NSB,الخثعمي,1
NSB,الرسعني,1
NSB,اليونيني,1
NSB,النصيبي,1
NSB,البربري,1
NSB,الزيدي,1
NSB,المروذي,1
NSB,الظاهري,1
NSB,الخجندي,1
NSB,الهكاري,1
NSB,زوزني,1
NSB,الأبهري,1
NSB,الموسوي,1
NSB,اليمامي,1
NSB,المغلي,1
NSB,الأرجاني,1
NSB,التنيسي,1
NSB,الدارمي,1
NSB,الصيداوي,1
NSB,الأطرابلسي,1
NSB,الجبلي,1
NSB,شامي,1
NSB,الباقلاني,1
NSB,المريني,1
NSB,الإستراباذي,1
NSB,الزعفراني,1
NSB,الصابوني,1
NSB,البصروي,1
NSB,الكركي,1
NSB,المروروذي,1
NSB,البسطامي,1
NSB,الإصفهاني,1
NSB,الجزيري,1
NSB,المنصوري,1
NSB,البقاعي,1
NSB,القضاعي,1
NSB,الشعراني,1
NSB,الكتامي,1
NSB,الصلاحي,1
NSB,الحجري,1
NSB,المنبجي,1
NSB,البرجي,1
NSB,ديلمي,1
NSB,الحماني,1
NSB,المزي,1
NSB,الفسوي,1
NSB,البيهقي,1
NSB,الأشجعي,1
NSB,عنسي,1
NSB,الحيري,1
NSB,الميكالي,1
NSB,الزواوي,1
NSB,الجحافي,1
NSB,المسعودي,1
NSB,مغربي,1
NSB,اليشكري,1
NSB,الغزنوي,1
NSB,الشاشي,1
NSB,المارديني,1
NSB,المطوعي,1
NSB,البغدادية,1
NSB,الشافعي,1
NSB,البابصري,1
NSB,الحصكفي,1
NSB,وشقي,1
NSB,الأوسي,1
NSB,الحلواني,1
NSB,عراقي,1
NSB,العتبي,1
NSB,الطالقاني,1
NSB,الجعبري,1
NSB,مؤيدي,1
NSB,البدري,1
NSB,السبيعي,1
NSB,الحجاري,1
NSB,اليوسفي,1
NSB,القلقشندي,1
NSB,البحيري,1
NSB,جحافي,1
NSB,المصيصي,1
NSB,الأرمني,1
NSB,الحصري,1
NSB,الداني,1
NSB,البهنسي,1
NSB,العمي,1
NSB,المذحجي,1
NSB,المجاشعي,1
NSB,السخاوي,1
NSB,الشاذلي,1
NSB,البطليوسي,1
NSB,البابي,1
NSB,القبري,1
NSB,الحمزي,1
NSB,الطيبي,1
NSB,الصالحية,1
NSB,التكريتي,1
NSB,الكوكباني,1
NSB,سرقسطي,1
NSB,دمشقي,1
NSB,الدمشقية,1
NSB,المقري,1
NSB,المؤيدي,1
NSB,الغماري,1
NSB,الغنوي,1
NSB,النصري,1
NSB,الحميدي,1
NSB,تميمي,1
NSB,العاتكي,1
NSB,الفراوي,1
NSB,الدميري,1
NSB,البندنيجي,1
NSB,الجلودي,1
NSB,العتابي,1
NSB,الجوزجاني,1
NSB,الجرمي,1
NSB,المحاملي,1
NSB,الحسباني,1
NSB,الختلي,1
NSB,مروزي,1
NSB,الأبيوردي,1
NSB,الداوودي,1
NSB,الجريري,1
NSB,الراميني,1
NSB,واسطي,1
NSB,غرناطي,1
NSB,العنزي,1
NSB,تهامي,1
NSB,النخشبي,1
NSB,العدني,1
NSB,الكرابيسي,1
NSB,الأرموي,1
NSB,الصعيدي,1
NSB,شهاري,1
NSB,القلعي,1
NSB,مذحجي,1
NSB,الكرجي,1
NSB,الدامغاني,1
NSB,الخالدي,1
NSB,المزكي,1
NSB,الخشني,1
NSB,الحكمي,1
NSB,المهري,1
NSB,الهواري,1
NSB,اليافعي,1
NSB,النهاوندي,1
NSB,النمري,1
NSB,الغزالي,1
NSB,الرمادي,1
NSB,الأشرفي,1
NSB,البلدي,1
NSB,الجدلي,1
NSB,السكري,1
NSB,الصرصري,1
NSB,الأذني,1
NSB,حميري,1
NSB,الخليلي,1
NSB,الوزيري,1
NSB,الميداني,1
NSB,الإخنائي,1
NSB,الجبائي,1
NSB,الرافعي,1
NSB,قرشي,1
NSB,الأدمي,1
NSB,السقطي,1
NSB,اليعمري,1
NSB,الغفاري,1
NSB,الحبوري,1
NSB,الحلي,1
NSB,النحريري,1
NSB,الزينبي,1
NSB,الفيومي,1
NSB,إسكندراني,1
NSB,الثمالي,1
NSB,العذري,1
NSB,الإستجي,1
NSB,السرائي,1
NSB,الصرخدي,1
NSB,الخلاطي,1
NSB,البلبيسي,1
NSB,الرحبي,1
NSB,الماكسيني,1
NSB,الخشوعي,1
NSB,المطلبي,1
NSB,الإسعردي,1
NSB,الجركسي,1
NSB,السيرافي,1
NSB,الكنجي,1
NSB,الداراني,1
NSB,الرماني,1
NSB,سرياني,1
NSB,القومسي,1
NSB,اليعقوبي,1
NSB,الأودي,1
NSB,الآملي,1
NSB,البجائي,1
NSB,المسلي,1
NSB,جياني,1
NSB,همداني,1
NSB,السهمي,1
NSB,نيسابوري,1
NSB,الأسواني,1
NSB,الرسي,1
NSB,الثوري,1
NSB,الساباطي,1
NSB,الجرباذقاني,1
NSB,الضبعي,1
NSB,الرباحي,1
NSB,عباسي,1
NSB,الخلقاني,1
NSB,المهدوي,1
NSB,الشقراني,1
NSB,النعيمي,1
NSB,الفناري,1
NSB,الجماعيلي,1
NSB,الصوفي,1
NSB,القسطلي,1
NSB,العلامي,1
NSB,الدهني,1
NSB,السامري,1
NSB,الوائلي,1
NSB,الأحمسي,1
NSB,البردعي,1
NSB,البرماوي,1
NSB,الحديثي,1
NSB,النفزي,1
NSB,الفامي,1
NSB,الطالبي,1
NSB,الحزامي,1
NSB,الهيتي,1
NSB,الفيروزاباذي,1
NSB,السلولي,1
NSB,الطائفي,1
NSB,البشتي,1
NSB,الآنسي,1
NSB,الحاضري,1
NSB,القاشاني,1
NSB,الدارقزي,1
NSB,المنذري,1
NSB,الرشيدي,1
NSB,محلي,1
NSB,الساوي,1
NSB,القالي,1
NSB,المعيني,1
NSB,الأردبيلي,1
NSB,شرفي,1
NSB,العبشمي,1
NSB,السليماني,1
NSB,النسوي,1
NSB,الشعباني,1
NSB,الدولعي,1
NSB,المشرقي,1
NSB,الرباطي,1
NSB,الإسنوي,1
NSB,العكي,1
NSB,البوني,1
NSB,حبوري,1
NSB,المالكي,1
NSB,النعماني,1
NSB,الديباجي,1
NSB,المراكشي,1
NSB,العادلي,1
NSB,الجرجرائي,1
NSB,اليربوعي,1
NSB,طوسي,1
NSB,الخوافي,1
NSB,الفاكهي,1
NSB,الباعوني,1
NSB,المحمودي,1
NSB,الحلاوي,1
NSB,القادسي,1
NSB,الإيادي,1
NSB,وزيري,1
NSB,السروي,1
NSB,العتكي,1
NSB,الحكري,1
NSB,الحمداني,1
NSB,الأسفراييني,1
NSB,الأشناني,1
NSB,بلنسي,1
NSB,البادرائي,1
NSB,الزيادي,1
NSB,السبائي,1
NSB,الأسيوطي,1
NSB,النجاري,1
NSB,الزراري,1
NSB,الكاهلي,1
NSB,السمعاني,1
NSB,خراساني,1
NSB,الرفاعي,1
NSB,الهنتاتي,1
NSB,خوارزمي,1
NSB,الصفوري,1
NSB,الشيرجي,1
NSB,الزركشي,1
NSB,الطولقي,1
NSB,آنسي,1
NSB,السنباطي,1
NSB,الهسنجاني,1
NSB,الزبداني,1
NSB,الدؤلي,1
NSB,القرافي,1
NSB,الصولي,1
NSB,الكوراني,1
NSB,الروذباري,1
NSB,الإسفراييني,1
NSB,العماني,1
NSB,البحتري,1
NSB,الصعلوكي,1
NSB,الخطابي,1
NSB,الميموني,1
NSB,المازري,1
NSB,الحصني,1
NSB,أهنومي,1
NSB,الزنجاني,1
NSB,العباداني,1
NSB,الأواني,1
NSB,رومي,1
NSB,السكاكيني,1
NSB,الشذوني,1
NSB,الحجبي,1
NSB,الإيجي,1
NSB,الواحدي,1
NSB,الروياني,1
NSB,كوكباني,1
NSB,الكسائي,1
NSB,اللواتي,1
NSB,الجواني,1
NSB,البارزي,1
NSB,الحفصي,1
NSB,الشحامي,1
NSB,القسطنطيني,1
NSB,الأيلي,1
NSB,العرزمي,1
NSB,البلوطي,1
NSB,الداري,1
NSB,القيسراني,1
NSB,الصلحي,1
NSB,الإلبيري,1
NSB,العقدي,1
NSB,القرماني,1
NSB,الثعالبي,1
NSB,الشهاري,1
NSB,النوقاني,1
NSB,الغمري,1
NSB,السمناني,1
NSB,البيروتي,1
NSB,الأرغياني,1
NSB,الجنابي,1
NSB,الحرازي,1
NSB,السكسكي,1
NSB,البرلسي,1
NSB,اليزيدي,1
NSB,الإخميمي,1
NSB,السهيلي,1
NSB,البوصيري,1
NSB,القصري,1
NSB,العبدلكاني,1
NSB,الطبني,1
NSB,الأقصرائي,1
NSB,الأقفهسي,1
NSB,الدواري,1
NSB,الأصبهانية,1
NSB,الصليحي,1
NSB,الشيبي,1
NSB,المالطي,1
NSB,الأستراباذي,1
NSB,المدلجي,1
NSB,المكاري,1
NSB,الشبلي,1
NSB,الحوفي,1
NSB,النجمي,1
NSB,الكفري,1
NSB,النهرتيري,1
NSB,أردستاني,1
NSB,القبيباتي,1
NSB,الأرمنازي,1
NSB,المغلسي,1
NSB,حلبي,1
NSB,الغضائري,1
NSB,الدويني,1
NSB,الميورقي,1
NSB,سلجوقي,1
NSB,الحبيشي,1
NSB,الكشميهني,1
NSB,المهراني,1
NSB,الخوزي,1
NSB,الطبراني,1
NSB,الرقاشي,1
NSB,الغازي,1
NSB,الزمزمي,1
NSB,النووي,1
NSB,التطيلي,1
NSB,الريي,1
NSB,الشاذكوني,1
NSB,القونوي,1
NSB,ضمدي,1
NSB,الرخجي,1
NSB,النضري,1
NSB,حوالي,1
NSB,الإبشيطي,1
NSB,الطبسي,1
NSB,الألهاني,1
NSB,السنبسي,1
NSB,التلعفري,1
NSB,البرتي,1
NSB,قيسي,1
NSB,الجحدري,1
NSB,الوهراني,1
NSB,الزيتوني,1
NSB,العاصمي,1
NSB,الخضري,1
NSB,القباني,1
NSB,حمزي,1
NSB,دواري,1
NSB,العطاردي,1
NSB,القابسي,1
NSB,هادوي,1
NSB,القليني,1
NSB,المؤمني,1
NSB,الفضيلي,1
NSB,المقدسية,1
NSB,البيري,1
NSB,الجعدوي,1
NSB,الطنافسي,1
NSB,الخبازي,1
NSB,الميهني,1
NSB,النرسي,1
NSB,الشعيري,1
NSB,اليامي,1
NSB,العاملي,1
NSB,الأوزاعي,1
NSB,النعمي,1
NSB,السائي,1
NSB,القروي,1
NSB,المرزباني,1
NSB,مسوري,1
NSB,البزوري,1
NSB,العياشي,1
NSB,الطلحي,1
NSB,البيساني,1
NSB,الصحراوي,1
NSB,المنوفي,1
NSB,القصباني,1
NSB,الأماسي,1
NSB,الميثمي,1
NSB,القهستاني,1
NSB,الزهراوي,1
NSB,الميانجي,1
NSB,التدمري,1
NSB,شتوي,1
NSB,البيضاوي,1
NSB,البرزالي,1
NSB,الماستوي,1
NSB,الجمالي,1
NSB,الهدباني,1
NSB,بجلي,1
NSB,السامي,1
NSB,الدورقي,1
NSB,الدلشاذي,1
NSB,الفاشاني,1
NSB,البطائحي,1
NSB,الفراهيدي,1
NSB,المصرية,1
NSB,الواني,1
NSB,الجروي,1
NSB,السنجي,1
NSB,الشرواني,1
NSB,الجواليقي,1
NSB,حنبلي,1
NSB,البطائني,1
NSB,المصمودي,1
NSB,الأسواري,1
NSB,الآبي,1
NSB,الدوثي,1
NSB,الدولابي,1
NSB,المغامي,1
NSB,الكومي,1
NSB,النجراني,1
NSB,الدهستاني,1
NSB,نجراني,1
NSB,الإسناوي,1
NSB,حارثي,1
NSB,اليلداني,1
NSB,الداركي,1
NSB,الساعدي,1
NSB,التركستاني,1
NSB,الجوني,1
NSB,العبرتائي,1
NSB,الشنتريني,1
NSB,الخطيبي,1
NSB,الكيلاني,1
NSB,الظفيري,1
NSB,العيني,1
NSB,القحطاني,1
NSB,العاقولي,1
NSB,الكجي,1
NSB,الشريشي,1
NSB,الشعبي,1
NSB,الحسامي,1
NSB,الشاوري,1
NSB,الضمدي,1
NSB,الخلخالي,1
NSB,السوادي,1
NSB,الصديقي,1
NSB,الكازروني,1
NSB,الماسرجسي,1
NSB,رازي,1
NSB,القرمي,1
NSB,ألبيري,1
NSB,المغازلي,1
NSB,الجابري,1
NSB,الخواري,1
NSB,البيكندي,1
NSB,الطيراني,1
NSB,المرشدي,1
NSB,الغرافي,1
NSB,الفريابي,1
NSB,القصيري,1
NSB,النصيبيني,1
NSB,الجناني,1
NSB,الإسماعيلي,1
NSB,الحمدوني,1
NSB,العينتابي,1
NSB,الكشي,1
NSB,المقتفوي,1
NSB,النوري,1
NSB,الصريفيني,1
NSB,الشظبي,1
NSB,الجبرتي,1
NSB,أموي,1
NSB,الطرطوشي,1
NSB,الكعبي,1
NSB,الإصطخري,1
NSB,العبقسي,1
NSB,الزيني,1
NSB,الأيوبي,1
NSB,الرٶاسي,1
NSB,الأرتاحي,1
NSB,الشاوي,1
NSB,الجشمي,1
NSB,الباغندي,1
NSB,المحبوبي,1
NSB,المسمعي,1
NSB,الطنبذي,1
NSB,الدنجاوي,1
NSB,الماراني,1
NSB,النهشلي,1
NSB,الأبياري,1
NSB,الأنبابي,1
NSB,العدواني,1
NSB,السوائي,1
NSB,الفاروثي,1
NSB,الصيمري,1
NSB,المكناسي,1
NSB,السراجي,1
NSB,البندهي,1
NSB,الدممي,1
NSB,القطعي,1
NSB,الكندري,1
NSB,الأفضلي,1
NSB,عبالي,1
NSB,الساسي,1
NSB,اللوشي,1
NSB,الزبادي,1
NSB,الثمانيني,1
NSB,البكراوي,1
NSB,الوركاني,1
NSB,الجنابذي,1
NSB,الشوبي,1
NSB,القيمري,1
NSB,البدوي,1
NSB,السلماني,1
NSB,الأصمعي,1
NSB,الهذباني,1
NSB,البعلبكية,1
NSB,أزدي,1
NSB,التادفي,1
NSB,الصرمي,1
NSB,التابعي,1
NSB,البكائي,1
NSB,التادلي,1
NSB,كتبي,1
NSB,الفقاعي,1
NSB,المقابري,1
NSB,الخونجي,1
NSB,خولاني,1
NSB,الروذراوري,1
NSB,السبخي,1
NSB,البحاثي,1
NSB,الرياشي,1
NSB,الكفرطابي,1
NSB,البحري,1
NSB,حيمي,1
NSB,السدي,1
NSB,المنازي,1
NSB,القايني,1
NSB,التعزي,1
NSB,العدوية,1
NSB,الشالنجي,1
NSB,الأندي,1
NSB,الرزجاهي,1
NSB,الزرندي,1
NSB,موصلي,1
NSB,المشكاني,1
NSB,العساكري,1
NSB,الملكاوي,1
NSB,الحلوي,1
NSB,ظفيري,1
NSB,اليزدي,1
NSB,القليوبي,1
NSB,البندقداري,1
NSB,السفياني,1
NSB,العبد لكاني,2
NSB,التفليسي,1
NSB,الصاعدي,1
NSB,الخطمي,1
NSB,القسطلاني,1
NSB,الضبيعي,1
NSB,الأرباعي,1
NSB,القرشية,1
NSB,البنجديهي,1
NSB,الكفرسوسي,1
NSB,العبالي,1
NSB,الدبابيسي,1
NSB,الدوسي,1
NSB,الأتابكي,1
NSB,الساماني,1
NSB,الأندرابي,1
NSB,الودعي,1
NSB,الشجاعي,1
NSB,الشمشاطي,1
NSB,لخمي,1
NSB,البلاطنسي,1
NSB,الأتابكية,1
NSB,التباني,1
NSB,المدنية,1
NSB,الدماميني,1
NSB,الخشنامي,1
NSB,تركماني,1
NSB,الجعدي,1
NSB,الجيلاني,1
NSB,الديري,1
NSB,الأبناسي,1
NSB,الذكواني,1
NSB,عبدي,1
NSB,الحساني,1
NSB,العميدي,1
NSB,العيسوي,1
NSB,الطريثيثي,1
NSB,الرؤاسي,1
NSB,المصحفي,1
NSB,ضميمي,1
NSB,الفرائضي,1
NSB,الإسحاقي,1
NSB,زيدي,1
NSB,سبتي,1
NSB,المنفلوطي,1
NSB,الجاجرمي,1
NSB,الخيواني,1
NSB,البديهي,1
NSB,القبابي,1
NSB,الإسفرائني,1
NSB,الأشهبي,1
NSB,الصابئ,1
NSB,البتاني,1
NSB,جيلي,1
NSB,الكديمي,1
NSB,العزيزي,1
NSB,التاهرتي,1
NSB,البرسوي,1
NSB,الحكيمي,1
NSB,المنكدري,1
NSB,الجيزي,1
NSB,وادعي,1
NSB,الصالحاني,1
NSB,الباجسرائي,1
NSB,الميرقي,1
NSB,الرهوني,1
NSB,طائي,1
NSB,جيلاني,1
NSB,الآدمي,1
NSB,الجعابي,1
NSB,البياضي,1
NSB,العصفري,1
NSB,الأعرابي,1
NSB,الجامي,1
NSB,الكابلي,1
NSB,المسبحي,1
NSB,الحواري,1
NSB,المنهاجي,1
NSB,السلفي,1
NSB,اليهودي,1
NSB,الهرثي,1
NSB,اللبلي,1
NSB,السروجي,1
NSB,الكناسي,1
NSB,السعيدي,1
NSB,الدسوقي,1
NSB,الوفائي,1
NSB,الشرابي,1
NSB,القابوسي,1
NSB,القميني,1
NSB,القرمطي,1
NSB,اللورقي,1
NSB,البروجردي,1
NSB,الرياحي,1
NSB,الدنيسري,1
NSB,العلثي,1
NSB,أسدي,1
NSB,قيرواني,1
NSB,الإخشيدي,1
NSB,الفتحي,1
NSB,المغاري,1
NSB,الراسبي,1
NSB,المنجنيقي,1
NSB,الوحاظي,1
NSB,البويطي,1
NSB,همذاني,1
NSB,البرجلاني,1
NSB,العيشي,1
NSB,عدوي,1
NSB,الملهمي,1
NSB,الشاتاني,1
NSB,الحوالي,1
NSB,الشطرنجي,1
NSB,الغزاوي,1
NSB,الأسبهاني,1
NSB,الجارودي,1
NSB,العنابي,1
NSB,الشريحي,1
NSB,الفوي,1
NSB,العرضي,1
NSB,المزيدي,1
NSB,المراتبي,1
NSB,القمني,1
NSB,الصاغاني,1
NSB,الأغلبي,1
NSB,الطلمنكي,1
NSB,بخاري,1
NSB,الدقيقي,1
NSB,الوكيعي,1
NSB,حوثي,1
NSB,عيزري,1
NSB,الحدادي,1
NSB,الجوسقي,1
NSB,اللحياني,1
NSB,السالمي,1
NSB,الموري,1
NSB,الساجي,1
NSB,الماوردي,1
NSB,الحاجري,1
NSB,السفاقسي,1
NSB,الصهيوني,1
NSB,العريشي,1
NSB,اللاسكي,1
NSB,الحداني,1
NSB,البراثي,1
NSB,الصالهي,1
NSB,الدمنهوري,1
NSB,الحرستاني,1
NSB,الوني,1
NSB,الأمشاطي,1
NSB,الحيمي,1
NSB,السميساطي,1
NSB,المطراني,1
NSB,العياني,1
NSB,الغلابي,1
NSB,الطواشي,1
NSB,القرني,1
NSB,المنزلاوي,1
NSB,النجيرمي,1
NSB,العبادوسي,1
NSB,المتبولي,1
NSB,الجهضمي,1
NSB,النجري,1
NSB,القناني,1
NSB,الرواجني,1
NSB,الإسنائي,1
NSB,الكليني,1
NSB,المتوثي,1
NSB,يوسفي,1
NSB,الحازمي,1
NSB,الغامدي,1
NSB,العليمي,1
NSB,الشرازي,1
NSB,العمادي,1
NSB,الوقشي,1
NSB,الجوزي,1
NSB,البحراني,1
NSB,السياري,1
NSB,العزازي,1
NSB,الياسوفي,1
NSB,البصرية,1
NSB,الكوفية,1
NSB,كوفية,1
NSB,الحلبية,1
NSB,النيسابورية,1
NSB,الأنصارية,1
NSB,الأندلسية,1
NSB,أندلسية,1
NSB,التميمية,1
NSB,الأسدية,1
NSB,الأزدية,1
NSB,الواسطية,1
NSB,السلمية,1
NSB,الحرانية,1
NSB,الرازية,1
NSB,الموصلية,1
NSB,الحسنية,1
NSB,المروزية,1
NSB,القرطبية,1
NSB,الهاشمية,1
NSB,الشيبانية,1
NSB,المغربية,1
NSB,الرومية,1
NSB,العباسية,1
NSB,الهمدانية,1
NSB,الأموية,1
NSB,الهروية,1
NSB,القمية,1
NSB,اليمنية,1
NSB,العلوية,1
NSB,الحموية,1
NSB,قرطبية,1
NSB,اللخمية,1
NSB,الكنانية,1
NSB,القيسية,1
NSB,السعدية,1
NSB,الهمذانية,1
NSB,البجلية,1
NSB,الكندية,1
NSB,الطائية,1
NSB,الثقفية,1
NSB,الإشبيلية,1
NSB,الإسكندرانية,1
NSB,الأشعرية,1
NSB,المخزومية,1
NSB,حسنية,1
NSB,الحضرمية,1
NSB,العامرية,1
NSB,الكردية,1
NSB,الفارسية,1
NSB,البكرية,1
NSB,العبدية,1
NSB,البلخية,1
NSB,القاهرية,1
NSB,النابلسية,1
NSB,الزهرية,1
NSB,التنوخية,1
NSB,التجيبية,1
NSB,الربعية,1
NSB,الحمصية,1
NSB,الجرجانية,1
NSB,القزوينية,1
NSB,الطوسية,1
NSB,الشيرازية,1
NSB,الجزرية,1
NSB,التيمية,1
NSB,الحميرية,1
NSB,العجلية,1
NSB,الإربلية,1
NSB,المعافرية,1
NSB,الزبيدية,1
NSB,البخارية,1
NSB,الكلبية,1
NSB,الديلمية,1
NSB,الخزرجية,1
NSB,الخزاعية,1
NSB,الأزجية,1
NSB,الرقية,1
NSB,عربية,1
NSB,الحربية,1
NSB,الليثية,1
NSB,الصنعانية,1
NSB,الشامية,1
NSB,الأنبارية,1
NSB,الجذامية,1
NSB,بصرية,1
NSB,صنعانية,1
NSB,التغلبية,1
NSB,بغدادية,1
NSB,العقيلية,1
NSB,التركية,1
NSB,الجعفية,1
NSB,الفهرية,1
NSB,المهلبية,1
NSB,التونسية,1
NSB,الإسكندرية,1
NSB,النخعية,1
NSB,الخوارزمية,1
NSB,الضبية,1
NSB,الخراسانية,1
NSB,العمرية,1
NSB,الغسانية,1
NSB,الكرخية,1
NSB,البعلية,1
NSB,الجوهرية,1
NSB,الدينورية,1
NSB,العكبرية,1
NSB,الحارثية,1
NSB,المرادية,1
NSB,المعرية,1
NSB,الزوزنية,1
NSB,الصقلية,1
NSB,العجمية,1
NSB,الغافقية,1
NSB,المرية,1
NSB,الباهلية,1
NSB,الأنطاكية,1
NSB,الصنهاجية,1
NSB,السمرقندية,1
NSB,العسقلانية,1
NSB,الغزية,1
NSB,القيروانية,1
NSB,التبريزية,1
NSB,المالقية,1
NSB,علوية,1
NSB,الفاسية,1
NSB,الأنماطية,1
NSB,الخولانية,1
NSB,العنبرية,1
NSB,الجيلية,1
NSB,المزنية,1
NSB,الطرابلسية,1
NSB,الإصبهانية,1
NSB,المدائنية,1
NSB,الجعفرية,1
NSB,العراقية,1
NSB,المرسية,1
NSB,التركمانية,1
NSB,الفزارية,1
NSB,العبادية,1
NSB,اليمانية,1
NSB,البغوية,1
NSB,حسينية,1
NSB,السجستانية,1
NSB,الإفريقية,1
NSB,السجزية,1
NSB,البلنسية,1
NSB,القشيرية,1
NSB,الزبيرية,1
NSB,الكلابية,1
NSB,الذهلية,1
NSB,الجمحية,1
NSB,هدوية,1
NSB,السبكية,1
NSB,العثمانية,1
NSB,النسائية,1
NSB,المحاربية,1
NSB,الجوينية,1
NSB,الآمدية,1
NSB,السرخسية,1
NSB,الشاطبية,1
NSB,الهلالية,1
NSB,يمنية,1
NSB,السلجوقية,1
NSB,المحلية,1
NSB,السرقسطية,1
NSB,الصدفية,1
NSB,إلبيرية,1
NSB,الرعينية,1
NSB,الهذلية,1
NSB,الفارقية,1
NSB,الطيالسية,1
NSB,العبسية,1
NSB,العسكرية,1
NSB,الثعلبية,1
NSB,الغرناطية,1
NSB,الشهرزورية,1
NSB,السكونية,1
NSB,البستية,1
NSB,الجهنية,1
NSB,المرداوية,1
NSB,الترمذية,1
NSB,الصفدية,1
NSB,مصرية,1
NSB,النهدية,1
NSB,الرملية,1
NSB,القاسمية,1
NSB,الحريمية,1
NSB,الصورية,1
NSB,الحمامية,1
NSB,الهادوية,1
NSB,قمية,1
NSB,الإسفرائينية,1
NSB,النسفية,1
NSB,الهندية,1
NSB,صعدية,1
NSB,الذهبية,1
NSB,الناصرية,1
NSB,العوفية,1
NSB,النيلية,1
NSB,الجيانية,1
NSB,البوشنجية,1
NSB,الزرعية,1
NSB,المروانية,1
NSB,المخرمية,1
NSB,التلمسانية,1
NSB,الكلاعية,1
NSB,المراغية,1
NSB,السلامية,1
NSB,العتقية,1
NSB,النويرية,1
NSB,البرمكية,1
NSB,الرهاوية,1
NSB,اليحصبية,1
NSB,السدوسية,1
NSB,الكتانية,1
NSB,الحنفية,1
NSB,ذمارية,1
NSB,العبدرية,1
NSB,العبيدية,1
NSB,قاسمية,1
NSB,الكرمانية,1
NSB,السبتية,1
NSB,العنسية,1
NSB,يونانية,1
NSB,الإسكافية,1
NSB,الأهوازية,1
NSB,الحبشية,1
NSB,الباخرزية,1
NSB,العلائية,1
NSB,الأسلمية,1
NSB,البيانية,1
NSB,النميرية,1
NSB,المازنية,1
NSB,القدسية,1
NSB,طليطلية,1
NSB,البرقية,1
NSB,الدمياطية,1
NSB,الأذرعية,1
NSB,الخرقية,1
NSB,مدنية,1
NSB,الحورانية,1
NSB,هاشمية,1
NSB,إشبيلية,1
NSB,الأزهرية,1
NSB,الناشرية,1
NSB,القوصية,1
NSB,القطيعية,1
NSB,الحنظلية,1
NSB,الدورية,1
NSB,الذمارية,1
NSB,السندية,1
NSB,العجلونية,1
NSB,السنجارية,1
NSB,الهدوية,1
NSB,النهروانية,1
NSB,المنقرية,1
NSB,التسترية,1
NSB,الباجية,1
NSB,الفرغانية,1
NSB,الصعدية,1
NSB,الأصبحية,1
NSB,اللؤلؤية,1
NSB,البلقينية,1
NSB,القلانسية,1
NSB,المأمونية,1
NSB,الحجازية,1
NSB,الطليطلية,1
NSB,النوفلية,1
NSB,النصرانية,1
NSB,السوسية,1
NSB,الرصافية,1
NSB,البالسية,1
NSB,الشرفية,1
NSB,البلوية,1
NSB,الحاتمية,1
NSB,المدينية,1
NSB,البجانية,1
NSB,المناوية,1
NSB,التهامية,1
NSB,السهروردية,1
NSB,الجندية,1
NSB,الطرسوسية,1
NSB,القفصية,1
NSB,الشاغورية,1
NSB,الخثعمية,1
NSB,الرسعنية,1
NSB,اليونينية,1
NSB,النصيبية,1
NSB,البربرية,1
NSB,الزيدية,1
NSB,المروذية,1
NSB,الظاهرية,1
NSB,الخجندية,1
NSB,الهكارية,1
NSB,زوزنية,1
NSB,الأبهرية,1
NSB,الموسوية,1
NSB,اليمامية,1
NSB,المغلية,1
NSB,الأرجانية,1
NSB,التنيسية,1
NSB,الدارمية,1
NSB,الصيداوية,1
NSB,الأطرابلسية,1
NSB,الجبلية,1
NSB,شامية,1
NSB,الباقلانية,1
NSB,المرينية,1
NSB,الإستراباذية,1
NSB,الزعفرانية,1
NSB,الصابونية,1
NSB,البصروية,1
NSB,الكركية,1
NSB,المروروذية,1
NSB,البسطامية,1
NSB,الإصفهانية,1
NSB,الجزيرية,1
NSB,المنصورية,1
NSB,البقاعية,1
NSB,القضاعية,1
NSB,الشعرانية,1
NSB,الكتامية,1
NSB,الصلاحية,1
NSB,الحجرية,1
NSB,المنبجية,1
NSB,البرجية,1
NSB,ديلمية,1
NSB,الحمانية,1
NSB,المزية,1
NSB,الفسوية,1
NSB,البيهقية,1
NSB,الأشجعية,1
NSB,عنسية,1
NSB,الحيرية,1
NSB,الميكالية,1
NSB,الزواوية,1
NSB,الجحافية,1
NSB,المسعودية,1
NSB,مغربية,1
NSB,اليشكرية,1
NSB,الغزنوية,1
NSB,الشاشية,1
NSB,الماردينية,1
NSB,المطوعية,1
NSB,الشافعية,1
NSB,البابصرية,1
NSB,الحصكفية,1
NSB,وشقية,1
NSB,الأوسية,1
NSB,الحلوانية,1
NSB,عراقية,1
NSB,العتبية,1
NSB,الطالقانية,1
NSB,الجعبرية,1
NSB,مؤيدية,1
NSB,البدرية,1
NSB,السبيعية,1
NSB,الحجارية,1
NSB,اليوسفية,1
NSB,القلقشندية,1
NSB,البحيرية,1
NSB,جحافية,1
NSB,المصيصية,1
NSB,الأرمنية,1
NSB,الحصرية,1
NSB,الدانية,1
NSB,البهنسية,1
NSB,العمية,1
NSB,المذحجية,1
NSB,المجاشعية,1
NSB,السخاوية,1
NSB,الشاذلية,1
NSB,البطليوسية,1
NSB,البابية,1
NSB,القبرية,1
NSB,الحمزية,1
NSB,الطيبية,1
NSB,التكريتية,1
NSB,الكوكبانية,1
NSB,سرقسطية,1
NSB,دمشقية,1
NSB,المقرية,1
NSB,المؤيدية,1
NSB,الغمارية,1
NSB,الغنوية,1
NSB,النصرية,1
NSB,الحميدية,1
NSB,تميمية,1
NSB,العاتكية,1
NSB,الفراوية,1
NSB,الدميرية,1
NSB,البندنيجية,1
NSB,الجلودية,1
NSB,العتابية,1
NSB,الجوزجانية,1
NSB,الجرمية,1
NSB,المحاملية,1
NSB,الحسبانية,1
NSB,الختلية,1
NSB,مروزية,1
NSB,الأبيوردية,1
NSB,الداوودية,1
NSB,الجريرية,1
NSB,الرامينية,1
NSB,واسطية,1
NSB,غرناطية,1
NSB,العنزية,1
NSB,تهامية,1
NSB,النخشبية,1
NSB,العدنية,1
NSB,الكرابيسية,1
NSB,الأرموية,1
NSB,الصعيدية,1
NSB,شهارية,1
NSB,القلعية,1
NSB,مذحجية,1
NSB,الكرجية,1
NSB,الدامغانية,1
NSB,الخالدية,1
NSB,المزكية,1
NSB,الخشنية,1
NSB,الحكمية,1
NSB,المهرية,1
NSB,الهوارية,1
NSB,اليافعية,1
NSB,النهاوندية,1
NSB,النمرية,1
NSB,الغزالية,1
NSB,الرمادية,1
NSB,الأشرفية,1
NSB,البلدية,1
NSB,الجدلية,1
NSB,السكرية,1
NSB,الصرصرية,1
NSB,الأذنية,1
NSB,حميرية,1
NSB,الخليلية,1
NSB,الوزيرية,1
NSB,الميدانية,1
NSB,الإخنائية,1
NSB,الجبائية,1
NSB,الرافعية,1
NSB,قرشية,1
NSB,الأدمية,1
NSB,السقطية,1
NSB,اليعمرية,1
NSB,الغفارية,1
NSB,الحبورية,1
NSB,الحلية,1
NSB,النحريرية,1
NSB,الزينبية,1
NSB,الفيومية,1
NSB,إسكندرانية,1
NSB,الثمالية,1
NSB,العذرية,1
NSB,الإستجية,1
NSB,السرائية,1
NSB,الصرخدية,1
NSB,الخلاطية,1
NSB,البلبيسية,1
NSB,الرحبية,1
NSB,الماكسينية,1
NSB,الخشوعية,1
NSB,المطلبية,1
NSB,الإسعردية,1
NSB,الجركسية,1
NSB,السيرافية,1
NSB,الكنجية,1
NSB,الدارانية,1
NSB,الرمانية,1
NSB,سريانية,1
NSB,القومسية,1
NSB,اليعقوبية,1
NSB,الأودية,1
NSB,الآملية,1
NSB,البجائية,1
NSB,المسلية,1
NSB,جيانية,1
NSB,همدانية,1
NSB,السهمية,1
NSB,نيسابورية,1
NSB,الأسوانية,1
NSB,الرسية,1
NSB,الثورية,1
NSB,الساباطية,1
NSB,الجرباذقانية,1
NSB,الضبعية,1
NSB,الرباحية,1
NSB,عباسية,1
NSB,الخلقانية,1
NSB,المهدوية,1
NSB,الشقرانية,1
NSB,النعيمية,1
NSB,الفنارية,1
NSB,الجماعيلية,1
NSB,الصوفية,1
NSB,القسطلية,1
NSB,العلامية,1
NSB,الدهنية,1
NSB,السامرية,1
NSB,الوائلية,1
NSB,الأحمسية,1
NSB,البردعية,1
NSB,البرماوية,1
NSB,الحديثية,1
NSB,النفزية,1
NSB,الفامية,1
NSB,الطالبية,1
NSB,الحزامية,1
NSB,الهيتية,1
NSB,الفيروزاباذية,1
NSB,السلولية,1
NSB,الطائفية,1
NSB,البشتية,1
NSB,الآنسية,1
NSB,الحاضرية,1
NSB,القاشانية,1
NSB,الدارقزية,1
NSB,المنذرية,1
NSB,الرشيدية,1
NSB,محلية,1
NSB,الساوية,1
NSB,القالية,1
NSB,المعينية,1
NSB,الأردبيلية,1
NSB,شرفية,1
NSB,العبشمية,1
NSB,السليمانية,1
NSB,النسوية,1
NSB,الشعبانية,1
NSB,الدولعية,1
NSB,المشرقية,1
NSB,الرباطية,1
NSB,الإسنوية,1
NSB,العكية,1
NSB,البونية,1
NSB,حبورية,1
NSB,المالكية,1
NSB,النعمانية,1
NSB,الديباجية,1
NSB,المراكشية,1
NSB,العادلية,1
NSB,الجرجرائية,1
NSB,اليربوعية,1
NSB,طوسية,1
NSB,الخوافية,1
NSB,الفاكهية,1
NSB,الباعونية,1
NSB,المحمودية,1
NSB,الحلاوية,1
NSB,القادسية,1
NSB,الإيادية,1
NSB,وزيرية,1
NSB,السروية,1
NSB,العتكية,1
NSB,الحكرية,1
NSB,الحمدانية,1
NSB,الأسفرايينية,1
NSB,الأشنانية,1
NSB,بلنسية,1
NSB,البادرائية,1
NSB,الزيادية,1
NSB,السبائية,1
NSB,الأسيوطية,1
NSB,النجارية,1
NSB,الزرارية,1
NSB,الكاهلية,1
NSB,السمعانية,1
NSB,خراسانية,1
NSB,الرفاعية,1
NSB,الهنتاتية,1
NSB,خوارزمية,1
NSB,الصفورية,1
NSB,الشيرجية,1
NSB,الزركشية,1
NSB,الطولقية,1
NSB,آنسية,1
NSB,السنباطية,1
NSB,الهسنجانية,1
NSB,الزبدانية,1
NSB,الدؤلية,1
NSB,القرافية,1
NSB,الصولية,1
NSB,الكورانية,1
NSB,الروذبارية,1
NSB,الإسفرايينية,1
NSB,العمانية,1
NSB,البحترية,1
NSB,الصعلوكية,1
NSB,الخطابية,1
NSB,الميمونية,1
NSB,المازرية,1
NSB,الحصنية,1
NSB,أهنومية,1
NSB,الزنجانية,1
NSB,العبادانية,1
NSB,الأوانية,1
NSB,رومية,1
NSB,السكاكينية,1
NSB,الشذونية,1
NSB,الحجبية,1
NSB,الإيجية,1
NSB,الواحدية,1
NSB,الرويانية,1
NSB,كوكبانية,1
NSB,الكسائية,1
NSB,اللواتية,1
NSB,الجوانية,1
NSB,البارزية,1
NSB,الحفصية,1
NSB,الشحامية,1
NSB,القسطنطينية,1
NSB,الأيلية,1
NSB,العرزمية,1
NSB,البلوطية,1
NSB,الدارية,1
NSB,القيسرانية,1
NSB,الصلحية,1
NSB,الإلبيرية,1
NSB,العقدية,1
NSB,القرمانية,1
NSB,الثعالبية,1
NSB,الشهارية,1
NSB,النوقانية,1
NSB,الغمرية,1
NSB,السمنانية,1
NSB,البيروتية,1
NSB,الأرغيانية,1
NSB,الجنابية,1
NSB,الحرازية,1
NSB,السكسكية,1
NSB,البرلسية,1
NSB,اليزيدية,1
NSB,الإخميمية,1
NSB,السهيلية,1
NSB,البوصيرية,1
NSB,القصرية,1
NSB,العبدلكانية,1
NSB,الطبنية,1
NSB,الأقصرائية,1
NSB,الأقفهسية,1
NSB,الدوارية,1
NSB,الصليحية,1
NSB,الشيبية,1
NSB,المالطية,1
NSB,الأستراباذية,1
NSB,المدلجية,1
NSB,المكارية,1
NSB,الشبلية,1
NSB,الحوفية,1
NSB,النجمية,1
NSB,الكفرية,1
NSB,النهرتيرية,1
NSB,أردستانية,1
NSB,القبيباتية,1
NSB,الأرمنازية,1
NSB,المغلسية,1
NSB,حلبية,1
NSB,الغضائرية,1
NSB,الدوينية,1
NSB,الميورقية,1
NSB,سلجوقية,1
NSB,الحبيشية,1
NSB,الكشميهنية,1
NSB,المهرانية,1
NSB,الخوزية,1
NSB,الطبرانية,1
NSB,الرقاشية,1
NSB,الغازية,1
NSB,الزمزمية,1
NSB,النووية,1
NSB,التطيلية,1
NSB,الريية,1
NSB,الشاذكونية,1
NSB,القونوية,1
NSB,ضمدية,1
NSB,الرخجية,1
NSB,النضرية,1
NSB,حوالية,1
NSB,الإبشيطية,1
NSB,الطبسية,1
NSB,الألهانية,1
NSB,السنبسية,1
NSB,التلعفرية,1
NSB,البرتية,1
NSB,قيسية,1
NSB,الجحدرية,1
NSB,الوهرانية,1
NSB,الزيتونية,1
NSB,العاصمية,1
NSB,الخضرية,1
NSB,القبانية,1
NSB,حمزية,1
NSB,دوارية,1
NSB,العطاردية,1
NSB,القابسية,1
NSB,هادوية,1
NSB,القلينية,1
NSB,المؤمنية,1
NSB,الفضيلية,1
NSB,البيرية,1
NSB,الجعدوية,1
NSB,الطنافسية,1
NSB,الخبازية,1
NSB,الميهنية,1
NSB,النرسية,1
NSB,الشعيرية,1
NSB,اليامية,1
NSB,العاملية,1
NSB,الأوزاعية,1
NSB,النعمية,1
NSB,السائية,1
NSB,القروية,1
NSB,المرزبانية,1
NSB,مسورية,1
NSB,البزورية,1
NSB,العياشية,1
NSB,الطلحية,1
NSB,البيسانية,1
NSB,الصحراوية,1
NSB,المنوفية,1
NSB,القصبانية,1
NSB,الأماسية,1
NSB,الميثمية,1
NSB,القهستانية,1
NSB,الزهراوية,1
NSB,الميانجية,1
NSB,التدمرية,1
NSB,شتوية,1
NSB,البيضاوية,1
NSB,البرزالية,1
NSB,الماستوية,1
NSB,الجمالية,1
NSB,الهدبانية,1
NSB,بجلية,1
NSB,السامية,1
NSB,الدورقية,1
NSB,الدلشاذية,1
NSB,الفاشانية,1
NSB,البطائحية,1
NSB,الفراهيدية,1
NSB,الوانية,1
NSB,الجروية,1
NSB,السنجية,1
NSB,الشروانية,1
NSB,الجواليقية,1
NSB,حنبلية,1
NSB,البطائنية,1
NSB,المصمودية,1
NSB,الأسوارية,1
NSB,الآبية,1
NSB,الدوثية,1
NSB,الدولابية,1
NSB,المغامية,1
NSB,الكومية,1
NSB,النجرانية,1
NSB,الدهستانية,1
NSB,نجرانية,1
NSB,الإسناوية,1
NSB,حارثية,1
NSB,اليلدانية,1
NSB,الداركية,1
NSB,الساعدية,1
NSB,التركستانية,1
NSB,الجونية,1
NSB,العبرتائية,1
NSB,الشنترينية,1
NSB,الخطيبية,1
NSB,الكيلانية,1
NSB,الظفيرية,1
NSB,العينية,1
NSB,القحطانية,1
NSB,العاقولية,1
NSB,الكجية,1
NSB,الشريشية,1
NSB,الشعبية,1
NSB,الحسامية,1
NSB,الشاورية,1
NSB,الضمدية,1
NSB,الخلخالية,1
NSB,السوادية,1
NSB,الصديقية,1
NSB,الكازرونية,1
NSB,الماسرجسية,1
NSB,رازية,1
NSB,القرمية,1
NSB,ألبيرية,1
NSB,المغازلية,1
NSB,الجابرية,1
NSB,الخوارية,1
NSB,البيكندية,1
NSB,الطيرانية,1
NSB,المرشدية,1
NSB,الغرافية,1
NSB,الفريابية,1
NSB,القصيرية,1
NSB,النصيبينية,1
NSB,الجنانية,1
NSB,الإسماعيلية,1
NSB,الحمدونية,1
NSB,العينتابية,1
NSB,الكشية,1
NSB,المقتفوية,1
NSB,النورية,1
NSB,الصريفينية,1
NSB,الشظبية,1
NSB,الجبرتية,1
NSB,أموية,1
NSB,الطرطوشية,1
NSB,الكعبية,1
NSB,الإصطخرية,1
NSB,العبقسية,1
NSB,الزينية,1
NSB,الأيوبية,1
NSB,الرٶاسية,1
NSB,الأرتاحية,1
NSB,الشاوية,1
NSB,الجشمية,1
NSB,الباغندية,1
NSB,المحبوبية,1
NSB,المسمعية,1
NSB,الطنبذية,1
NSB,الدنجاوية,1
NSB,المارانية,1
NSB,النهشلية,1
NSB,الأبيارية,1
NSB,الأنبابية,1
NSB,العدوانية,1
NSB,السوائية,1
NSB,الفاروثية,1
NSB,الصيمرية,1
NSB,المكناسية,1
NSB,السراجية,1
NSB,البندهية,1
NSB,الدممية,1
NSB,القطعية,1
NSB,الكندرية,1
NSB,الأفضلية,1
NSB,عبالية,1
NSB,الساسية,1
NSB,اللوشية,1
NSB,الزبادية,1
NSB,الثمانينية,1
NSB,البكراوية,1
NSB,الوركانية,1
NSB,الجنابذية,1
NSB,الشوبية,1
NSB,القيمرية,1
NSB,البدوية,1
NSB,السلمانية,1
NSB,الأصمعية,1
NSB,الهذبانية,1
NSB,أزدية,1
NSB,التادفية,1
NSB,الصرمية,1
NSB,التابعية,1
NSB,البكائية,1
NSB,التادلية,1
NSB,كتبية,1
NSB,الفقاعية,1
NSB,المقابرية,1
NSB,الخونجية,1
NSB,خولانية,1
NSB,الروذراورية,1
NSB,السبخية,1
NSB,البحاثية,1
NSB,الرياشية,1
NSB,الكفرطابية,1
NSB,البحرية,1
NSB,حيمية,1
NSB,السدية,1
NSB,المنازية,1
NSB,القاينية,1
NSB,التعزية,1
NSB,الشالنجية,1
NSB,الأندية,1
NSB,الرزجاهية,1
NSB,الزرندية,1
NSB,موصلية,1
NSB,المشكانية,1
NSB,العساكرية,1
NSB,الملكاوية,1
NSB,الحلوية,1
NSB,ظفيرية,1
NSB,اليزدية,1
NSB,القليوبية,1
NSB,البندقدارية,1
NSB,السفيانية,1
NSB,العبد لكانية,2
NSB,التفليسية,1
NSB,الصاعدية,1
NSB,الخطمية,1
NSB,القسطلانية,1
NSB,الضبيعية,1
NSB,الأرباعية,1
NSB,البنجديهية,1
NSB,الكفرسوسية,1
NSB,العبالية,1
NSB,الدبابيسية,1
NSB,الدوسية,1
NSB,السامانية,1
NSB,الأندرابية,1
NSB,الودعية,1
NSB,الشجاعية,1
NSB,الشمشاطية,1
NSB,لخمية,1
NSB,البلاطنسية,1
NSB,التبانية,1
NSB,الدمامينية,1
NSB,الخشنامية,1
NSB,تركمانية,1
NSB,الجعدية,1
NSB,الجيلانية,1
NSB,الديرية,1
NSB,الأبناسية,1
NSB,الذكوانية,1
NSB,عبدية,1
NSB,الحسانية,1
NSB,العميدية,1
NSB,العيسوية,1
NSB,الطريثيثية,1
NSB,الرؤاسية,1
NSB,المصحفية,1
NSB,ضميمية,1
NSB,الفرائضية,1
NSB,الإسحاقية,1
NSB,زيدية,1
NSB,سبتية,1
NSB,المنفلوطية,1
NSB,الجاجرمية,1
NSB,الخيوانية,1
NSB,البديهية,1
NSB,القبابية,1
NSB,الإسفرائنية,1
NSB,الأشهبية,1
NSB,البتانية,1
NSB,جيلية,1
NSB,الكديمية,1
NSB,العزيزية,1
NSB,التاهرتية,1
NSB,البرسوية,1
NSB,الحكيمية,1
NSB,المنكدرية,1
NSB,الجيزية,1
NSB,وادعية,1
NSB,الصالحانية,1
NSB,الباجسرائية,1
NSB,الميرقية,1
NSB,الرهونية,1
NSB,طائية,1
NSB,جيلانية,1
NSB,الآدمية,1
NSB,الجعابية,1
NSB,البياضية,1
NSB,العصفرية,1
NSB,الأعرابية,1
NSB,الجامية,1
NSB,الكابلية,1
NSB,المسبحية,1
NSB,الحوارية,1
NSB,المنهاجية,1
NSB,السلفية,1
NSB,اليهودية,1
NSB,الهرثية,1
NSB,اللبلية,1
NSB,السروجية,1
NSB,الكناسية,1
NSB,السعيدية,1
NSB,الدسوقية,1
NSB,الوفائية,1
NSB,الشرابية,1
NSB,القابوسية,1
NSB,القمينية,1
NSB,القرمطية,1
NSB,اللورقية,1
NSB,البروجردية,1
NSB,الرياحية,1
NSB,الدنيسرية,1
NSB,العلثية,1
NSB,أسدية,1
NSB,قيروانية,1
NSB,الإخشيدية,1
NSB,الفتحية,1
NSB,المغارية,1
NSB,الراسبية,1
NSB,المنجنيقية,1
NSB,الوحاظية,1
NSB,البويطية,1
NSB,همذانية,1
NSB,البرجلانية,1
NSB,العيشية,1
NSB,عدوية,1
NSB,الملهمية,1
NSB,الشاتانية,1
NSB,الحوالية,1
NSB,الشطرنجية,1
NSB,الغزاوية,1
NSB,الأسبهانية,1
NSB,الجارودية,1
NSB,العنابية,1
NSB,الشريحية,1
NSB,الفوية,1
NSB,العرضية,1
NSB,المزيدية,1
NSB,المراتبية,1
NSB,القمنية,1
NSB,الصاغانية,1
NSB,الأغلبية,1
NSB,الطلمنكية,1
NSB,بخارية,1
NSB,الدقيقية,1
NSB,الوكيعية,1
NSB,حوثية,1
NSB,عيزرية,1
NSB,الحدادية,1
NSB,الجوسقية,1
NSB,اللحيانية,1
NSB,السالمية,1
NSB,المورية,1
NSB,الساجية,1
NSB,الماوردية,1
NSB,الحاجرية,1
NSB,السفاقسية,1
NSB,الصهيونية,1
NSB,العريشية,1
NSB,اللاسكية,1
NSB,الحدانية,1
NSB,البراثية,1
NSB,الصالهية,1
NSB,الدمنهورية,1
NSB,الحرستانية,1
NSB,الونية,1
NSB,الأمشاطية,1
NSB,الحيمية,1
NSB,السميساطية,1
NSB,المطرانية,1
NSB,العيانية,1
NSB,الغلابية,1
NSB,الطواشية,1
NSB,القرنية,1
NSB,المنزلاوية,1
NSB,النجيرمية,1
NSB,العبادوسية,1
NSB,المتبولية,1
NSB,الجهضمية,1
NSB,النجرية,1
NSB,القنانية,1
NSB,الرواجنية,1
NSB,الإسنائية,1
NSB,الكلينية,1
NSB,المتوثية,1
NSB,يوسفية,1
NSB,الحازمية,1
NSB,الغامدية,1
NSB,العليمية,1
NSB,الشرازية,1
NSB,العمادية,1
NSB,الوقشية,1
NSB,الجوزية,1
NSB,البحرانية,1
NSB,السيارية,1
NSB,العزازية,1
NSB,الياسوفية,1
NSB,شاعر,1
NSB,محدث,1
NSB,فقيه,1
NSB,مصنف,1
NSB,قاضي,1
NSB,مدرس,1
NSB,الفقيه,1
NSB,الحافظ,1
NSB,أديب,1
NSB,راوي,1
NSB,مفتي,1
NSB,القاضي,1
NSB,إمام,1
NSB,الإمام,1
NSB,المقرئ,1
NSB,شيخ,1
NSB,كاتب,1
NSB,مقرئ,1
NSB,والي,1
NSB,حافظ,1
NSB,النحوي,1
NSB,خطيب,1
NSB,نائب,1
NSB,الكاتب,1
NSB,المحدث,1
NSB,الشاعر,1
NSB,لغوي,1
NSB,نحوي,1
NSB,وزير,1
NSB,شارح,1
NSB,طبيب,1
NSB,الشيخ,1
NSB,قاضي القضاة,2
NSB,أصولي,1
NSB,الأديب,1
NSB,أمير,1
NSB,الأمير,1
NSB,عالم,1
NSB,ناظر,1
NSB,الوزير,1
NSB,ملك,1
NSB,مفسر,1
NSB,مسند,1
NSB,الواعظ,1
NSB,العالم,1
NSB,واعظ,1
NSB,شاهد,1
NSB,قارئ,1
NSB,متكلم,1
NSB,سلطان,1
NSB,ناظم,1
NSB,خليفة,1
NSB,الخطيب,1
NSB,التاجر,1
NSB,مؤرخ,1
NSB,تاجر,1
NSB,اللغوي,1
NSB,المؤدب,1
NSB,معيد,1
NSB,رئيس,1
NSB,وكيل,1
NSB,قاضي الجماعة,2
NSB,مشاور,1
NSB,مترسل,1
NSB,منجم,1
NSB,مؤدب,1
NSB,العطار,1
NSB,السلطان,1
NSB,فرضي,1
NSB,مناظر,1
NSB,معلم,1
NSB,راوية,1
NSB,الفرضي,1
NSB,ترجمان,1
NSB,البزاز,1
NSB,الوراق,1
NSB,الصيرفي,1
NSB,المفتي,1
NSB,المعدل,1
NSB,المفسر,1
NSB,نقيب,1
NSB,محتسب,1
NSB,الطبيب,1
NSB,الرئيس,1
NSB,المتكلم,1
NSB,صاحب,1
NSB,نائب القضاء,2
NSB,نائب الحكم,2
NSB,الملك,1
NSB,فيلسوف,1
NSB,ناثر,1
NSB,حاجب,1
NSB,رسول,1
NSB,المسند,1
NSB,القطان,1
NSB,رياضي,1
NSB,محدثة,1
NSB,الحداد,1
NSB,موقع,1
NSB,الخياط,1
NSB,العدل,1
NSB,المؤذن,1
NSB,صاحب الصلاة,2
NSB,ناسخ,1
NSB,الحريري,1
NSB,الأخباري,1
NSB,البزار,1
NSB,المؤرخ,1
NSB,مجاهد,1
NSB,مقدم,1
NSB,قاضي قضاة,2
NSB,الأصولي,1
NSB,خادم,1
NSB,عامل,1
NSB,مؤلف,1
NSB,الصفار,1
NSB,السراج,1
NSB,متولي,1
NSB,قائد,1
NSB,عدل,1
NSB,مؤذن,1
NSB,الخزاز,1
NSB,فرائضي,1
NSB,الصائغ,1
NSB,بياع,1
NSB,أخباري,1
NSB,الحناط,1
NSB,الناسخ,1
NSB,الحاكم,1
NSB,النجار,1
NSB,قاضي العسكر,2
NSB,الخليفة,1
NSB,منطقي,1
NSB,الخراز,1
NSB,شاعرة,1
NSB,واقف,1
NSB,القزاز,1
NSB,الحكيم,1
NSB,عروضي,1
NSB,شروطي,1
NSB,صاحب الشرطة,2
NSB,المنجم,1
NSB,التمار,1
NSB,الفراء,1
NSB,الطحان,1
NSB,الرحال,1
NSB,داعي,1
NSB,الحاسب,1
NSB,الزيات,1
NSB,الخلال,1
NSB,الحذاء,1
NSB,إمام المقام,2
NSB,الخفاف,1
NSB,القائد,1
NSB,كاتب الإنشاء,2
NSB,نديم,1
NSB,الدقاق,1
NSB,أمين,1
NSB,شيخ الشيوخ,2
NSB,نسابة,1
NSB,معدل,1
NSB,خازن,1
NSB,النقيب,1
NSB,المستملي,1
NSB,المصنف,1
NSB,الشروطي,1
NSB,أستاذ الدار,2
NSB,حاكم,1
NSB,الرفاء,1
NSB,المدرس,1
NSB,الحاجب,1
NSB,الخادم,1
NSB,مهندس,1
NSB,القارئ,1
NSB,صاحب الموصل,2
NSB,وراق,1
NSB,منشئ,1
NSB,السفار,1
NSB,بزاز,1
NSB,أتابك,1
NSB,البيع,1
NSB,محقق,1
NSB,الحجام,1
NSB,مملوك,1
NSB,الناقد,1
NSB,الوكيل,1
NSB,السمسار,1
NSB,مشجع على النقل,3
NSB,المنشئ,1
NSB,الدباس,1
NSB,الشيخة,1
NSB,الخشاب,1
NSB,العلاف,1
NSB,صاحب المغرب,2
NSB,أستاذ,1
NSB,القاص,1
NSB,الكتبي,1
NSB,صاحب البريد,2
NSB,المعلم,1
NSB,النسابة,1
NSB,الصواف,1
NSB,المحقق,1
NSB,صاحب مصر,2
NSB,القصار,1
NSB,البناء,1
NSB,الدهقان,1
NSB,النحاس,1
NSB,صاحب ديوان الإنشاء,3
NSB,الفيلسوف,1
NSB,صاحب اليمن,2
NSB,القماط,1
NSB,عطار,1
NSB,جندي,1
NSB,الجصاص,1
NSB,شيخ القراء,2
NSB,عادل,1
NSB,أمير الحج,2
NSB,الخباز,1
NSB,العروضي,1
NSB,الإسكاف,1
NSB,الرزاز,1
NSB,مباشر,1
NSB,متصرف,1
NSB,صاحب حلب,2
NSB,مجود,1
NSB,المطرز,1
NSB,رأس,1
NSB,زعيم,1
NSB,حاسب,1
NSB,مملي,1
NSB,صيرفي,1
NSB,المناظر,1
NSB,النقاش,1
NSB,مدبر,1
NSB,الكحال,1
NSB,البقال,1
NSB,صاحب الأندلس,2
NSB,السمان,1
NSB,المحتسب,1
NSB,ولي العهد,2
NSB,النخاس,1
NSB,السواق,1
NSB,صاحب حماة,2
NSB,مفيد,1
NSB,ربين,1
NSB,المجود,1
NSB,صاحب الأحكام,2
NSB,غلام,1
NSB,صاحب ديوان,2
NSB,مدرس النظامية,2
NSB,الفقيهة,1
NSB,الفلكي,1
NSB,المسلك,1
NSB,مستملي,1
NSB,الوشاء,1
NSB,داعية,1
NSB,قيم,1
NSB,الحصار,1
NSB,القفال,1
NSB,البندار,1
NSB,نائب وزير,2
NSB,الصيدلاني,1
NSB,مذكر,1
NSB,أستادار,1
NSB,الراوي,1
NSB,حائك,1
NSB,الفران,1
NSB,الحيسوب,1
NSB,الحنائي,1
NSB,مسندة,1
NSB,الشحام,1
NSB,الناظم,1
NSB,القلاء,1
NSB,الخبزأرزي,1
NSB,جارية,1
NSB,صاحب المدينة,2
NSB,الموقت,1
NSB,خطاط,1
NSB,مغني,1
NSB,صاحب سنجار,2
NSB,صاحب الديوان,2
NSB,الدهخذا,1
NSB,سفير,1
NSB,قطان,1
NSB,صاحب السوق,2
NSB,نائب السلطنة,2
NSB,صاحب بريد,2
NSB,الدباغ,1
NSB,البراذعي,1
NSB,صاحب حمص,2
NSB,الخازن,1
NSB,الكاتبة,1
NSB,اللباد,1
NSB,المربي,1
NSB,ناقد,1
NSB,شيخة,1
NSB,قس,1
NSB,كحال,1
NSB,صاحب ماردين,2
NSB,دهقان,1
NSB,كاتب الحكم,2
NSB,الخواتمي,1
NSB,الحمال,1
NSB,قاضي قضاة دمشق,3
NSB,البرادعي,1
NSB,صائغ,1
NSB,القواريري,1
NSB,أسقف,1
NSB,الناثر,1
NSB,المسندة,1
NSB,الحجال,1
NSB,نائب في الحكم,3
NSB,صاحب المظالم,2
NSB,مستوفي,1
NSB,قاص,1
NSB,الراعي,1
NSB,خياط,1
NSB,الواعظة,1
NSB,حناط,1
NSB,المذكر,1
NSB,الأبار,1
NSB,الخنزاري,1
NSB,الحمار,1
NSB,المستوفي,1
NSB,الجنان,1
NSB,صاحب بانياس,2
NSB,صاحب مكة,2
NSB,صاحب دمشق,2
NSB,صاحب الخبر,2
NSB,قاضي عسكر,2
NSB,نساخ,1
NSB,رصاص,1
NSB,جمال,1
NSB,البقاري,1
NSB,طحان,1
NSB,مورق,1
NSB,صاحب المخزن,2
NSB,مشاور في الأحكام,3
NSB,المعمار,1
NSB,القداح,1
NSB,النائب,1
NSB,قاضي قضاة مصر,3
NSB,صاحب العرض,2
NSB,المتطبب,1
NSB,نائب الباب,2
NSB,القواس,1
NSB,خاصكي,1
NSB,النساج,1
NSB,الفراش,1
NSB,صاحب بعلبك,2
NSB,الحجار,1
NSB,الصيقل,1
NSB,صيدلاني,1
NSB,صاحب ميافارقين,2
NSB,البواب,1
NSB,الحفار,1
NSB,دلال,1
NSB,صاحب إربل,2
NSB,معبر الرؤيا,2
NSB,منادي,1
NSB,حجام,1
NSB,البائع,1
NSB,المنادي,1
NSB,مستولي,1
NSB,طباخ,1
NSB,صاحب الزاوية,2
NSB,الجزار,1
NSB,صاحب تونس,2
NSB,القصاب,1
NSB,صاحب الخيل,2
NSB,صاحب حصن كيفا,3
NSB,ساقي,1
NSB,مرابط,1
NSB,صاحب إشبيلية,2
NSB,الصرام,1
NSB,مشير,1
NSB,كيال,1
NSB,قاضي القدس,2
NSB,الدلال,1
NSB,الحطاب,1
NSB,كيميائي,1
NSB,الحداء,1
NSB,صاحب بلاد فارس,3
NSB,صاحب الديار المصرية,3
NSB,دهان,1
NSB,المرشد,1
NSB,المنطقي,1
NSB,المشاور,1
NSB,المعيد,1
NSB,صاحب الرد,2
NSB,أمير مئة,2
NSB,دباغ,1
NSB,عارف,1
NSB,المشرع,1
NSB,الملقن,1
